"type","environment","flow","state","ownerId","created","modified"
"Default","Corporacion Peruana de Productos Quimicos S.A. (default)","1_Backup_Planilla","Stopped","3bf04610-69d1-46c4-a72b-3339c1444c79","2023-09-13","2023-09-20"
"Default","Corporacion Peruana de Productos Quimicos S.A. (default)","992 pendientes","Stopped","b39580c6-a0f2-4691-b00f-d599dcc1ec97","2024-02-14","2026-03-05"
"Default","Corporacion Peruana de Productos Quimicos S.A. (default)","ACTUALIZAR DASH OTS PILAR MP","Started","dd3d2f48-7492-4618-a5c8-2427ab23657d","2025-01-06","2025-01-08"
"Default","Corporacion Peruana de Productos Quimicos S.A. (default)","ACTUALIZAR OFISMART - BI GASTOS","Stopped","dd3d2f48-7492-4618-a5c8-2427ab23657d","2024-05-09","2024-05-09"
"Default","Corporacion Peruana de Productos Quimicos S.A. (default)","ACTUALIZAR SAP - BI OTS","Started","dd3d2f48-7492-4618-a5c8-2427ab23657d","2024-05-02","2024-07-24"
"Default","Corporacion Peruana de Productos Quimicos S.A. (default)","ACUMULAR FOR","Stopped","e5989de5-b1b7-4d05-acc3-18fd09b67657","2025-10-14","2025-10-21"
"Default","Corporacion Peruana de Productos Quimicos S.A. (default)","ACUOSO","Stopped","c5a9d275-dbe4-4b1d-93a1-f66e20584d8a","2025-06-27","2025-06-27"
"Default","Corporacion Peruana de Productos Quimicos S.A. (default)","ACUOSO","Started","3fc19695-9bdf-4e13-b59f-e9ce55412e25","2026-01-09","2026-05-04"
"Default","Corporacion Peruana de Productos Quimicos S.A. (default)","ADH Y PPH","Started","3fc19695-9bdf-4e13-b59f-e9ce55412e25","2026-01-09","2026-05-04"
"Default","Corporacion Peruana de Productos Quimicos S.A. (default)","ADH y PPH","Stopped","c5a9d275-dbe4-4b1d-93a1-f66e20584d8a","2025-05-08","2025-05-22"
"Default","Corporacion Peruana de Productos Quimicos S.A. (default)","AMP","Stopped","c5a9d275-dbe4-4b1d-93a1-f66e20584d8a","2025-06-27","2025-06-27"
"Default","Corporacion Peruana de Productos Quimicos S.A. (default)","AMP","Suspended","3fc19695-9bdf-4e13-b59f-e9ce55412e25","2026-01-09","2026-01-09"
"Default","Corporacion Peruana de Productos Quimicos S.A. (default)","ANULAR ENTREGA VEDA","Started","e9855609-8a8c-486c-be46-aa92b4254959","2026-06-19","2026-08-04"
"Default","Corporacion Peruana de Productos Quimicos S.A. (default)","APT","Suspended","3fc19695-9bdf-4e13-b59f-e9ce55412e25","2026-01-09","2026-03-04"
"Default","Corporacion Peruana de Productos Quimicos S.A. (default)","APT","Stopped","c5a9d275-dbe4-4b1d-93a1-f66e20584d8a","2025-05-07","2025-05-07"
"Default","Corporacion Peruana de Productos Quimicos S.A. (default)","APT EXT","Suspended","3fc19695-9bdf-4e13-b59f-e9ce55412e25","2026-01-09","2026-01-09"
"Default","Corporacion Peruana de Productos Quimicos S.A. (default)","ARCHIVOS DE CORREO","Stopped","4900aad9-b17e-4e45-b895-c4fa4189735d","2021-12-29","2022-01-03"
"Default","Corporacion Peruana de Productos Quimicos S.A. (default)","Actualizar lista de rechazos","Started","df242269-9789-4117-9b5c-b9983a73c613","2025-08-11","2025-08-14"
"Default","Corporacion Peruana de Productos Quimicos S.A. (default)","Acuoso","Stopped","276f5bbf-f812-4bfc-a06c-b8f97e7f70bd","2024-02-01","2025-01-21"
"Default","Corporacion Peruana de Productos Quimicos S.A. (default)","Adhesivos","Stopped","276f5bbf-f812-4bfc-a06c-b8f97e7f70bd","2024-02-01","2025-01-21"
"Default","Corporacion Peruana de Productos Quimicos S.A. (default)","AdjuntosRegistrar","Started","c78347bc-e7c2-49b9-bf36-73f90bdd62a2","2025-10-26","2025-10-26"
"Default","Corporacion Peruana de Productos Quimicos S.A. (default)","Adjuntos_RegistrarFacturas","Started","c78347bc-e7c2-49b9-bf36-73f90bdd62a2","2025-09-30","2025-10-26"
"Default","Corporacion Peruana de Productos Quimicos S.A. (default)","Adjuntos_v3","Started","c78347bc-e7c2-49b9-bf36-73f90bdd62a2","2025-10-17","2025-10-17"
"Default","Corporacion Peruana de Productos Quimicos S.A. (default)","AgenteBI_Qroma","Stopped","f83bec47-52fa-4631-9503-03b232c3a819","2026-03-26","2026-03-26"
"Default","Corporacion Peruana de Productos Quimicos S.A. (default)","Agregar un elemento en SharePoint y enviar un correo electrónico","Started","b13a7d6c-67f9-428d-8950-c55318101137","2026-07-20","2026-07-21"
"Default","Corporacion Peruana de Productos Quimicos S.A. (default)","Alerta de NC atrasadas","Stopped","4907cf86-ebc5-4d83-9a07-7fb840f8234e","2026-04-28","2026-05-11"
"Default","Corporacion Peruana de Productos Quimicos S.A. (default)","Alerta de NC atrasadas por Area","Started","4907cf86-ebc5-4d83-9a07-7fb840f8234e","2026-05-08","2026-06-15"
"Default","Corporacion Peruana de Productos Quimicos S.A. (default)","Alerta de la maestra clientes","Suspended","5e64cffd-d26f-4b3a-8070-271dd8b867ea","2026-01-29","2026-03-02"
"Default","Corporacion Peruana de Productos Quimicos S.A. (default)","AlertaRNG","Started","5197eb97-f243-4c51-a45f-56c24ab47684","2026-05-05","2026-07-21"
"Default","Corporacion Peruana de Productos Quimicos S.A. (default)","AlertasFacturacion","Started","5197eb97-f243-4c51-a45f-56c24ab47684","2026-06-22","2026-06-23"
"Default","Corporacion Peruana de Productos Quimicos S.A. (default)","ApiConnection -> Actualizar un conjunto de datos","Started","c8de3014-2af7-47be-9cd8-9e33c6325829","2024-05-10","2024-05-10"
"Default","Corporacion Peruana de Productos Quimicos S.A. (default)","ApiConnection -> Seleccionar,Crear tabla HTML,Enviar correo electró...","Started","4c19df3f-b5d7-44f6-bcf1-6d90229b41ae","2023-10-24","2023-10-25"
"Default","Corporacion Peruana de Productos Quimicos S.A. (default)","App_ID-Actividad - Ensayo","Started","4c19df3f-b5d7-44f6-bcf1-6d90229b41ae","2025-08-25","2025-08-26"
"Default","Corporacion Peruana de Productos Quimicos S.A. (default)","App_ID-Actividad - Migrar","Started","4c19df3f-b5d7-44f6-bcf1-6d90229b41ae","2025-09-26","2025-11-17"
"Default","Corporacion Peruana de Productos Quimicos S.A. (default)","App_ID-Actividad - Registro","Started","4c19df3f-b5d7-44f6-bcf1-6d90229b41ae","2025-08-12","2025-10-28"
"Default","Corporacion Peruana de Productos Quimicos S.A. (default)","App_ID-Actividadac - Registro","Started","4c19df3f-b5d7-44f6-bcf1-6d90229b41ae","2025-04-08","2025-08-12"
"Default","Corporacion Peruana de Productos Quimicos S.A. (default)","App_ID-Bloqueado - LdM","Suspended","4c19df3f-b5d7-44f6-bcf1-6d90229b41ae","2025-08-27","2025-08-27"
"Default","Corporacion Peruana de Productos Quimicos S.A. (default)","App_QR-Aprobaciones - Aviso de solicitud","Started","4c19df3f-b5d7-44f6-bcf1-6d90229b41ae","2025-06-06","2025-10-29"
"Default","Corporacion Peruana de Productos Quimicos S.A. (default)","App_QR-Aprobaciones - ISOO","Started","4c19df3f-b5d7-44f6-bcf1-6d90229b41ae","2025-11-04","2026-05-18"
"Default","Corporacion Peruana de Productos Quimicos S.A. (default)","App_QR-Aprobaciones - Modelo a PowerApps","Started","4c19df3f-b5d7-44f6-bcf1-6d90229b41ae","2025-07-18","2025-07-21"
"Default","Corporacion Peruana de Productos Quimicos S.A. (default)","App_QR-Generar - Codigo","Started","4c19df3f-b5d7-44f6-bcf1-6d90229b41ae","2025-08-18","2025-08-26"
"Default","Corporacion Peruana de Productos Quimicos S.A. (default)","App_QR-VB - EFR","Started","4c19df3f-b5d7-44f6-bcf1-6d90229b41ae","2025-11-28","2025-11-28"
"Default","Corporacion Peruana de Productos Quimicos S.A. (default)","App_QR_Muestra - Aviso de atención","Started","4c19df3f-b5d7-44f6-bcf1-6d90229b41ae","2026-02-02","2026-02-19"
"Default","Corporacion Peruana de Productos Quimicos S.A. (default)","App_QR_Muestra - Aviso de solicitud","Started","4c19df3f-b5d7-44f6-bcf1-6d90229b41ae","2025-06-02","2025-11-25"
"Default","Corporacion Peruana de Productos Quimicos S.A. (default)","App_QR_Muestra - Copia en tabla alterna","Started","4c19df3f-b5d7-44f6-bcf1-6d90229b41ae","2025-06-24","2025-06-27"
"Default","Corporacion Peruana de Productos Quimicos S.A. (default)","App_QR_Reclamo - Aviso de registro","Started","4c19df3f-b5d7-44f6-bcf1-6d90229b41ae","2025-05-29","2025-05-29"
"Default","Corporacion Peruana de Productos Quimicos S.A. (default)","App_QR_Reclamo - Limpiar Temporal","Suspended","4c19df3f-b5d7-44f6-bcf1-6d90229b41ae","2025-05-22","2025-05-22"
"Default","Corporacion Peruana de Productos Quimicos S.A. (default)","App_QR_Reclamo - Modelo a Excel - L","Started","4c19df3f-b5d7-44f6-bcf1-6d90229b41ae","2025-05-22","2025-05-22"
"Default","Corporacion Peruana de Productos Quimicos S.A. (default)","App_QR_Reclamo - Modelo a Excel - LC","Started","4c19df3f-b5d7-44f6-bcf1-6d90229b41ae","2025-05-06","2025-05-22"
"Default","Corporacion Peruana de Productos Quimicos S.A. (default)","Aprobaciones con Actualización de Tabla","Started","1d46d551-d605-4835-8b11-75ef92602eb6","2024-05-21","2024-05-24"
"Default","Corporacion Peruana de Productos Quimicos S.A. (default)","Asignación de documentos | Goldenbelt","Stopped","b8f01546-e250-4138-b082-ad77652093a2","2026-07-13","2026-07-15"
"Default","Corporacion Peruana de Productos Quimicos S.A. (default)","Asignación de documentos | Goldenbelt V2","Started","b8f01546-e250-4138-b082-ad77652093a2","2026-07-15","2026-07-15"
"Default","Corporacion Peruana de Productos Quimicos S.A. (default)","Auditoria Covid","Started","9ec26276-c70a-4a37-ac45-5cb100c322cf","2022-08-02","2022-08-02"
"Default","Corporacion Peruana de Productos Quimicos S.A. (default)","Auto completar consultas","Stopped","42dc854e-dd3f-4a2c-80f2-e10d5ec3bf10","2026-03-26","2026-04-15"
"Default","Corporacion Peruana de Productos Quimicos S.A. (default)","Automatic PBI SD 105 Seguimiento FCST to CSV","Suspended","9f723cb8-4865-4007-94a2-6c4bdf132680","2025-07-31","2025-07-31"
"Default","Corporacion Peruana de Productos Quimicos S.A. (default)","Automatic PBI SD 105 Seguimiento FCST to CSV to Excel","Stopped","9f723cb8-4865-4007-94a2-6c4bdf132680","2025-07-31","2025-07-31"
"Default","Corporacion Peruana de Productos Quimicos S.A. (default)","Automatiz Rev Sal","Started","c78347bc-e7c2-49b9-bf36-73f90bdd62a2","2025-08-08","2025-08-08"
"Default","Corporacion Peruana de Productos Quimicos S.A. (default)","Automatización de Cartas Ofertas","Stopped","e250bd6e-83cf-4356-aa18-6be692fa8e6f","2025-01-14","2025-03-27"
"Default","Corporacion Peruana de Productos Quimicos S.A. (default)","Automatizar PB","Started","9ec26276-c70a-4a37-ac45-5cb100c322cf","2022-09-28","2022-09-28"
"Default","Corporacion Peruana de Productos Quimicos S.A. (default)","BACKUP DM_IA_JOB_03.08_step30","Stopped","c2a2ec92-b53e-4042-8d8b-e2bff44e4b1d","2026-08-05","2026-08-05"
"Default","Corporacion Peruana de Productos Quimicos S.A. (default)","Backup de Sistema de Planillas","Stopped","bcaa346b-7e31-40ae-8be1-abf87e382c3b","2023-09-01","2023-09-01"
"Default","Corporacion Peruana de Productos Quimicos S.A. (default)","Brindar accesos - Comedor 2025","Stopped","74e429e8-744a-4cbc-9594-43225e8fe04e","2024-02-23","2025-07-03"
"Default","Corporacion Peruana de Productos Quimicos S.A. (default)","Brindar accesos - Comedor APT","Stopped","74e429e8-744a-4cbc-9594-43225e8fe04e","2024-02-23","2025-07-03"
"Default","Corporacion Peruana de Productos Quimicos S.A. (default)","Button -> Crear una aprobación","Started","1d46d551-d605-4835-8b11-75ef92602eb6","2024-05-18","2024-05-18"
"Default","Corporacion Peruana de Productos Quimicos S.A. (default)","Button -> Enumerar las filas de una tabla,Crear tabla HTML,Enviar c...","Started","5132c070-f5be-4f31-980f-85f9aba51ba4","2025-07-17","2025-07-17"
"Default","Corporacion Peruana de Productos Quimicos S.A. (default)","Button -> Inicializar variable,Inicializar variable 3,Aplicar a cad...: 2","Started","1d46d551-d605-4835-8b11-75ef92602eb6","2024-05-18","2024-05-28"
"Default","Corporacion Peruana de Productos Quimicos S.A. (default)","Button -> Obtener contenido de archivo,Enviar correo electrónico (V2)","Started","5132c070-f5be-4f31-980f-85f9aba51ba4","2025-10-13","2025-10-13"
"Default","Corporacion Peruana de Productos Quimicos S.A. (default)","Button -> Obtener contenido de archivo,Redactar","Started","5132c070-f5be-4f31-980f-85f9aba51ba4","2025-09-10","2025-09-11"
"Default","Corporacion Peruana de Productos Quimicos S.A. (default)","C&C - Vacaciones","Suspended","3dcda98e-ac05-4a38-8093-8823230214d8","2026-04-19","2026-04-19"
"Default","Corporacion Peruana de Productos Quimicos S.A. (default)","COMITÉ DE LIMPIEZA","Started","8259e2b5-b68a-4e75-82c8-988be850b0f8","2026-04-14","2026-07-07"
"Default","Corporacion Peruana de Productos Quimicos S.A. (default)","CORREOS EUROS","Stopped","19558187-c352-4892-b1ea-a6829fc6b37e","2026-07-05","2026-07-19"
"Default","Corporacion Peruana de Productos Quimicos S.A. (default)","CORTE DE OFFICEVIBE","Started","8259e2b5-b68a-4e75-82c8-988be850b0f8","2026-03-18","2026-03-23"
"Default","Corporacion Peruana de Productos Quimicos S.A. (default)","CSV to Excel","Suspended","9f723cb8-4865-4007-94a2-6c4bdf132680","2025-07-31","2025-07-31"
"Default","Corporacion Peruana de Productos Quimicos S.A. (default)","Cierre de turno - correo","Started","e30bfe21-47a8-4828-865f-ee443b578d2e","2026-06-14","2026-07-16"
"Default","Corporacion Peruana de Productos Quimicos S.A. (default)","Cierre de turno - correo T1","Started","e30bfe21-47a8-4828-865f-ee443b578d2e","2026-06-27","2026-07-16"
"Default","Corporacion Peruana de Productos Quimicos S.A. (default)","Cierre de turno - correo T2","Started","e30bfe21-47a8-4828-865f-ee443b578d2e","2026-06-27","2026-07-16"
"Default","Corporacion Peruana de Productos Quimicos S.A. (default)","Cierre de turno update","Started","e30bfe21-47a8-4828-865f-ee443b578d2e","2026-02-17","2026-06-01"
"Default","Corporacion Peruana de Productos Quimicos S.A. (default)","Clasificar correos de Creación y Reactivación de colores","Started","e6801040-9b5c-440f-a20e-8873de982679","2026-06-23","2026-06-23"
"Default","Corporacion Peruana de Productos Quimicos S.A. (default)","Compras correo a proveedores","Started","e30bfe21-47a8-4828-865f-ee443b578d2e","2026-03-04","2026-07-24"
"Default","Corporacion Peruana de Productos Quimicos S.A. (default)","Compras correo a proveedores - ROH","Started","e30bfe21-47a8-4828-865f-ee443b578d2e","2026-03-10","2026-07-24"
"Default","Corporacion Peruana de Productos Quimicos S.A. (default)","Confirmacion_Formulario_Qroma","Started","ff43568e-202f-4403-8df2-721c235795ad","2026-07-01","2026-07-01"
"Default","Corporacion Peruana de Productos Quimicos S.A. (default)","Consolidar_BPA_Agustino","Stopped","fbb32ed4-5e63-4576-acb3-6e1ad04aea2f","2025-08-08","2025-08-08"
"Default","Corporacion Peruana de Productos Quimicos S.A. (default)","Consolidar_MP_Agustino","Started","fbb32ed4-5e63-4576-acb3-6e1ad04aea2f","2025-08-08","2025-08-09"
"Default","Corporacion Peruana de Productos Quimicos S.A. (default)","ConsultaEstadoLastMile","Started","964f35fa-6c39-4b55-9535-a6d105d0eba1","2025-07-23","2025-08-11"
"Default","Corporacion Peruana de Productos Quimicos S.A. (default)","Control remoto","Started","d4502852-5e92-466d-a794-b02e668ec305","2025-12-09","2025-12-10"
"Default","Corporacion Peruana de Productos Quimicos S.A. (default)","Coordinador - Reportes mensuales","Started","3dcda98e-ac05-4a38-8093-8823230214d8","2026-04-19","2026-06-18"
"Default","Corporacion Peruana de Productos Quimicos S.A. (default)","Copia de: App_QR-Aprobaciones - ISO","Stopped","4c19df3f-b5d7-44f6-bcf1-6d90229b41ae","2025-10-31","2025-10-31"
"Default","Corporacion Peruana de Productos Quimicos S.A. (default)","Copia de: App_QR-Aprobaciones - ISOO","Stopped","4c19df3f-b5d7-44f6-bcf1-6d90229b41ae","2026-05-18","2026-05-18"
"Default","Corporacion Peruana de Productos Quimicos S.A. (default)","Copia de: App_QR_Muestra - Aviso de solicitud","Stopped","4c19df3f-b5d7-44f6-bcf1-6d90229b41ae","2025-11-25","2025-11-25"
"Default","Corporacion Peruana de Productos Quimicos S.A. (default)","Copia de: Induccion a Contratistas Version 1 copia","Stopped","d05b5922-9391-4f41-87e2-37863ee9256a","2022-10-03","2022-10-03"
"Default","Corporacion Peruana de Productos Quimicos S.A. (default)","Copia de: Induccion a Terceros V2 copia","Stopped","d05b5922-9391-4f41-87e2-37863ee9256a","2022-10-03","2022-10-03"
"Default","Corporacion Peruana de Productos Quimicos S.A. (default)","Copia de: Induccion a Terceros: Version 3 copia","Stopped","d05b5922-9391-4f41-87e2-37863ee9256a","2022-10-03","2022-10-03"
"Default","Corporacion Peruana de Productos Quimicos S.A. (default)","Copia de: PLANNER","Stopped","da2df52d-24d1-48e2-b7d8-9de7bd973f93","2024-11-28","2024-11-28"
"Default","Corporacion Peruana de Productos Quimicos S.A. (default)","Copy of - RevEmpCSV_Teams","Started","c78347bc-e7c2-49b9-bf36-73f90bdd62a2","2025-08-17","2025-08-17"
"Default","Corporacion Peruana de Productos Quimicos S.A. (default)","Correo","Started","88635339-2e82-4bcc-9176-856a785d24d9","2026-07-19","2026-07-19"
"Default","Corporacion Peruana de Productos Quimicos S.A. (default)","Correo Prueba 1","Started","19558187-c352-4892-b1ea-a6829fc6b37e","2026-07-19","2026-07-19"
"Default","Corporacion Peruana de Productos Quimicos S.A. (default)","CorreoAgust","Started","19558187-c352-4892-b1ea-a6829fc6b37e","2026-07-19","2026-07-21"
"Default","Corporacion Peruana de Productos Quimicos S.A. (default)","Correos_X_Retiro","Started","fea86e24-067f-4e05-b061-3d53c565e517","2026-07-03","2026-07-21"
"Default","Corporacion Peruana de Productos Quimicos S.A. (default)","Crear resumen diario de tareas de Planner por cubo","Suspended","94317e16-618e-4e48-95c6-2488802982d8","2026-03-12","2026-03-12"
"Default","Corporacion Peruana de Productos Quimicos S.A. (default)","Crear resumen diario de tareas de Planner por cubo","Suspended","94317e16-618e-4e48-95c6-2488802982d8","2026-03-12","2026-03-12"
"Default","Corporacion Peruana de Productos Quimicos S.A. (default)","Crear un mensaje automatico en un grupo de teams","Started","e9855609-8a8c-486c-be46-aa92b4254959","2026-07-01","2026-07-01"
"Default","Corporacion Peruana de Productos Quimicos S.A. (default)","Crear una nota rápida para los correos electrónicos importantes","Started","b130c959-b725-4f08-914c-0ec4f905f5f8","2026-06-02","2026-06-02"
"Default","Corporacion Peruana de Productos Quimicos S.A. (default)","Crear una tarea en Planner desde Microsoft Forms y publicar un mensaje en Teams","Stopped","1fe6d248-991c-4db1-b0cc-0e2c619eeaf7","2023-10-09","2023-10-25"
"Default","Corporacion Peruana de Productos Quimicos S.A. (default)","Crear una tarea en Planner desde Microsoft Forms y publicar un mensaje en Teams: 2","Started","1fe6d248-991c-4db1-b0cc-0e2c619eeaf7","2023-10-09","2023-10-10"
"Default","Corporacion Peruana de Productos Quimicos S.A. (default)","Crear una tarea en Planner desde Microsoft Forms y publicar un mensaje en Teams: 3","Stopped","1fe6d248-991c-4db1-b0cc-0e2c619eeaf7","2023-10-12","2023-10-25"
"Default","Corporacion Peruana de Productos Quimicos S.A. (default)","Crear una tarea pendiente cuando alguien le @mencione en un correo electrónico","Stopped","05625bb4-0e26-460a-a7b6-76b29e469223","2019-06-19","2019-06-19"
"Default","Corporacion Peruana de Productos Quimicos S.A. (default)","Create a Planner task","Started","35e91d1b-ef07-4ae0-9abb-075c4741e311","2023-03-06","2023-03-06"
"Default","Corporacion Peruana de Productos Quimicos S.A. (default)","Cuando llega un nuevo correo electrónico (V3) -> Enviarme una notif...","Stopped","48bcf374-8302-457e-8209-99e8708edbec","2023-02-21","2023-02-21"
"Default","Corporacion Peruana de Productos Quimicos S.A. (default)","Cuando llega un nuevo correo electrónico (V3) -> For each,Crear arc...","Stopped","5e64cffd-d26f-4b3a-8070-271dd8b867ea","2025-09-25","2025-09-25"
"Default","Corporacion Peruana de Productos Quimicos S.A. (default)","Cuando llega un nuevo correo electrónico (V3) -> For each,Obtener d...","Started","314c5f41-d6e1-4f3d-9c70-ce044388a8b4","2026-04-28","2026-04-28"
"Default","Corporacion Peruana de Productos Quimicos S.A. (default)","Cuando llega un nuevo correo electrónico (V3) -> For each,Redactar,...","Started","5e64cffd-d26f-4b3a-8070-271dd8b867ea","2026-04-29","2026-04-30"
"Default","Corporacion Peruana de Productos Quimicos S.A. (default)","Cuando se crea o se modifica un elemento -> Obtener elemento","Stopped","da2df52d-24d1-48e2-b7d8-9de7bd973f93","2024-11-28","2024-11-28"
"Default","Corporacion Peruana de Productos Quimicos S.A. (default)","Cuando se crea un archivo -> Crear archivo","Suspended","5e64cffd-d26f-4b3a-8070-271dd8b867ea","2026-05-22","2026-05-22"
"Default","Corporacion Peruana de Productos Quimicos S.A. (default)","Cuando se crea un elemento -> For each,Enumerar las filas de una ta...","Stopped","da2df52d-24d1-48e2-b7d8-9de7bd973f93","2025-01-13","2025-01-14"
"Default","Corporacion Peruana de Productos Quimicos S.A. (default)","Cuando se envía una respuesta nueva -> Obtener los detalles de la r...","Started","840149d5-b1b8-41b9-b6b8-f15fae799997","2026-04-27","2026-04-27"
"Default","Corporacion Peruana de Productos Quimicos S.A. (default)","Cuando se envía una respuesta nueva -> Obtener los detalles de la r...","Started","9ec26276-c70a-4a37-ac45-5cb100c322cf","2022-08-26","2022-09-16"
"Default","Corporacion Peruana de Productos Quimicos S.A. (default)","Cuando se envía una respuesta nueva -> Obtener los detalles de la r...","Stopped","5e64cffd-d26f-4b3a-8070-271dd8b867ea","2026-03-04","2026-04-27"
"Default","Corporacion Peruana de Productos Quimicos S.A. (default)","Cuando se envía una respuesta nueva -> Obtener los detalles de la r...","Started","5e64cffd-d26f-4b3a-8070-271dd8b867ea","2026-03-27","2026-06-12"
"Default","Corporacion Peruana de Productos Quimicos S.A. (default)","Cuando se envía una respuesta nueva -> Obtener los detalles de la r...: 2","Stopped","9ec26276-c70a-4a37-ac45-5cb100c322cf","2022-10-05","2022-10-05"
"Default","Corporacion Peruana de Productos Quimicos S.A. (default)","Cuota de ecuador","Started","5e64cffd-d26f-4b3a-8070-271dd8b867ea","2025-08-26","2026-05-11"
"Default","Corporacion Peruana de Productos Quimicos S.A. (default)","Cuotas Comisionales B2B","Started","5e64cffd-d26f-4b3a-8070-271dd8b867ea","2026-04-27","2026-07-02"
"Default","Corporacion Peruana de Productos Quimicos S.A. (default)","Cuotas Juego de colores","Started","5e64cffd-d26f-4b3a-8070-271dd8b867ea","2025-08-26","2026-06-09"
"Default","Corporacion Peruana de Productos Quimicos S.A. (default)","Cuotas RGV","Started","5e64cffd-d26f-4b3a-8070-271dd8b867ea","2025-08-26","2026-06-03"
"Default","Corporacion Peruana de Productos Quimicos S.A. (default)","Cuotas avance de ventas","Started","5e64cffd-d26f-4b3a-8070-271dd8b867ea","2025-08-26","2026-08-03"
"Default","Corporacion Peruana de Productos Quimicos S.A. (default)","CxC NIIF9 - Input Motor","Started","4e4fc93e-3450-466c-b283-0b3f53afd4a7","2026-06-27","2026-07-29"
"Default","Corporacion Peruana de Productos Quimicos S.A. (default)","CxCNIIF9_ActualizarBI","Started","4e4fc93e-3450-466c-b283-0b3f53afd4a7","2026-07-29","2026-08-04"
"Default","Corporacion Peruana de Productos Quimicos S.A. (default)","CxPAdjuntosCorreo","Started","c78347bc-e7c2-49b9-bf36-73f90bdd62a2","2025-11-06","2025-11-06"
"Default","Corporacion Peruana de Productos Quimicos S.A. (default)","DILUYENTES","Started","3fc19695-9bdf-4e13-b59f-e9ce55412e25","2026-03-04","2026-05-04"
"Default","Corporacion Peruana de Productos Quimicos S.A. (default)","DISTRIBUCIÓN","Stopped","c5a9d275-dbe4-4b1d-93a1-f66e20584d8a","2025-05-07","2025-05-07"
"Default","Corporacion Peruana de Productos Quimicos S.A. (default)","DISTRIBUCIÓN","Suspended","3fc19695-9bdf-4e13-b59f-e9ce55412e25","2026-01-09","2026-03-04"
"Default","Corporacion Peruana de Productos Quimicos S.A. (default)","DM_IA_JOB_03.08_step30","Started","c2a2ec92-b53e-4042-8d8b-e2bff44e4b1d","2026-07-22","2026-08-05"
"Default","Corporacion Peruana de Productos Quimicos S.A. (default)","Daily Download","Started","87486adb-d294-407c-afaf-b53843da65e1","2025-09-19","2025-09-19"
"Default","Corporacion Peruana de Productos Quimicos S.A. (default)","De Trello a Microsoft Planner","Stopped","799fb8bc-1c26-4cd3-825a-fb6ddd488393","2019-12-22","2019-12-22"
"Default","Corporacion Peruana de Productos Quimicos S.A. (default)","DemoEnvioEmail","Started","4568115f-4685-4c3e-9abe-f46e122021a3","2025-06-11","2025-06-12"
"Default","Corporacion Peruana de Productos Quimicos S.A. (default)","Desencadenar un flujo con una alerta controlada por datos de Power BI","Stopped","25842986-c9dd-4844-8675-084440cbb235","2020-09-25","2020-09-25"
"Default","Corporacion Peruana de Productos Quimicos S.A. (default)","DeterminaIncremento","Started","c78347bc-e7c2-49b9-bf36-73f90bdd62a2","2025-08-09","2026-07-10"
"Default","Corporacion Peruana de Productos Quimicos S.A. (default)","Disparador - Aprobación Pedidos Bloqueados","Stopped","4e4fc93e-3450-466c-b283-0b3f53afd4a7","2026-07-23","2026-07-26"
"Default","Corporacion Peruana de Productos Quimicos S.A. (default)","Distribución","Stopped","276f5bbf-f812-4bfc-a06c-b8f97e7f70bd","2024-02-01","2025-01-21"
"Default","Corporacion Peruana de Productos Quimicos S.A. (default)","EDUCACION Y ENTRENAMIENTO","Started","db2e3bc5-c6e3-46a5-8ae0-2a964333bef0","2025-08-23","2025-08-23"
"Default","Corporacion Peruana de Productos Quimicos S.A. (default)","EJECUCIÓN DE ACTUALIZACIÓN DE FOR","Started","e5989de5-b1b7-4d05-acc3-18fd09b67657","2025-10-21","2025-10-21"
"Default","Corporacion Peruana de Productos Quimicos S.A. (default)","ENVIO DE RENOVACIONES","Stopped","5132c070-f5be-4f31-980f-85f9aba51ba4","2025-07-16","2026-07-10"
"Default","Corporacion Peruana de Productos Quimicos S.A. (default)","ESTABILIDAD V2","Started","41472650-a829-491d-b032-47ff7ece196c","2026-08-04","2026-08-04"
"Default","Corporacion Peruana de Productos Quimicos S.A. (default)","Ejecutar un script de Office en Excel y, a continuación, enviar un correo electrónico","Started","f0baf478-cb91-4393-9854-8fcf29ae6c1e","2026-01-05","2026-01-05"
"Default","Corporacion Peruana de Productos Quimicos S.A. (default)","Enviar E-mails a Proveedores Portal","Started","c78347bc-e7c2-49b9-bf36-73f90bdd62a2","2025-08-01","2025-09-18"
"Default","Corporacion Peruana de Productos Quimicos S.A. (default)","Enviar Excel con respuesta de Forms","Started","b13a7d6c-67f9-428d-8950-c55318101137","2025-03-14","2025-03-14"
"Default","Corporacion Peruana de Productos Quimicos S.A. (default)","Enviar aprobación y seguimiento por correo electrónico","Suspended","8317c8bf-56ee-430b-99ad-d27e11c47c25","2020-07-25","2020-07-25"
"Default","Corporacion Peruana de Productos Quimicos S.A. (default)","Enviar archivos específicos creados en OneDrive para la Empresa como datos adjuntos de correo electrónico","Stopped","b13a7d6c-67f9-428d-8950-c55318101137","2025-03-13","2025-03-13"
"Default","Corporacion Peruana de Productos Quimicos S.A. (default)","Enviar archivos específicos creados en OneDrive para la Empresa como datos adjuntos de correo electrónico","Stopped","b13a7d6c-67f9-428d-8950-c55318101137","2025-03-13","2025-03-13"
"Default","Corporacion Peruana de Productos Quimicos S.A. (default)","Enviar correos desde Excel","Started","4568115f-4685-4c3e-9abe-f46e122021a3","2025-06-09","2025-06-09"
"Default","Corporacion Peruana de Productos Quimicos S.A. (default)","Enviar respuestas de Forms por correo","Stopped","b13a7d6c-67f9-428d-8950-c55318101137","2025-03-13","2025-03-14"
"Default","Corporacion Peruana de Productos Quimicos S.A. (default)","Enviar respuestas de Forms por correo","Stopped","aba7b39a-6791-4b12-a1e7-169bf313df7e","2025-03-14","2025-03-14"
"Default","Corporacion Peruana de Productos Quimicos S.A. (default)","Enviar un correo cada lunes automáticamente a las 2PM","Stopped","e5989de5-b1b7-4d05-acc3-18fd09b67657","2026-03-16","2026-03-17"
"Default","Corporacion Peruana de Productos Quimicos S.A. (default)","Enviar un correo electrónico personalizado cuando se agregue un elemento de lista nuevo de SharePoint","Stopped","aeafb681-4c62-45cc-b212-af039250a5b5","2024-04-05","2024-04-05"
"Default","Corporacion Peruana de Productos Quimicos S.A. (default)","Envio Convenio de acumulacion de vacaciones","Started","4568115f-4685-4c3e-9abe-f46e122021a3","2025-09-15","2026-04-07"
"Default","Corporacion Peruana de Productos Quimicos S.A. (default)","Envio Convenio de acumulacion de vacaciones","Stopped","5132c070-f5be-4f31-980f-85f9aba51ba4","2025-09-15","2026-05-19"
"Default","Corporacion Peruana de Productos Quimicos S.A. (default)","Envio de correo al Director","Started","d041986d-b13a-4937-9fa1-9050bb7bb0d7","2025-01-23","2025-04-01"
"Default","Corporacion Peruana de Productos Quimicos S.A. (default)","Envío de cartas Post Venta","Started","861bfd5d-40ca-4b1c-a841-1ee7f565a2b5","2026-07-30","2026-07-30"
"Default","Corporacion Peruana de Productos Quimicos S.A. (default)","Envío de correo auomático","Suspended","c4bde5d8-b468-40de-b877-e53848a94df1","2025-07-10","2025-07-11"
"Default","Corporacion Peruana de Productos Quimicos S.A. (default)","Envío de pagos a proveedores","Stopped","e30bfe21-47a8-4828-865f-ee443b578d2e","2025-11-24","2025-11-24"
"Default","Corporacion Peruana de Productos Quimicos S.A. (default)","Envío de pedidos rechazados por créditos","Started","e30bfe21-47a8-4828-865f-ee443b578d2e","2025-07-09","2025-07-17"
"Default","Corporacion Peruana de Productos Quimicos S.A. (default)","Envío de reporte semanal - Copa del tradicional","Stopped","5e64cffd-d26f-4b3a-8070-271dd8b867ea","2026-03-17","2026-03-17"
"Default","Corporacion Peruana de Productos Quimicos S.A. (default)","Estabilidades","Started","41472650-a829-491d-b032-47ff7ece196c","2026-08-03","2026-08-04"
"Default","Corporacion Peruana de Productos Quimicos S.A. (default)","Evaluación de CVs con IA","Started","e30bfe21-47a8-4828-865f-ee443b578d2e","2025-07-15","2026-06-05"
"Default","Corporacion Peruana de Productos Quimicos S.A. (default)","Example","Stopped","4cf07c83-dae3-4aee-8d61-2f371e653d2d","2021-10-14","2021-10-25"
"Default","Corporacion Peruana de Productos Quimicos S.A. (default)","Excel distribución comercial","Stopped","b39580c6-a0f2-4691-b00f-d599dcc1ec97","2023-06-01","2026-04-09"
"Default","Corporacion Peruana de Productos Quimicos S.A. (default)","Extracción Datos Plomo","Started","11a35f14-46a4-407c-b541-39e25d54ae1b","2025-12-19","2026-01-21"
"Default","Corporacion Peruana de Productos Quimicos S.A. (default)","FLOW_OVO_18092025_3","Suspended","dfa9dee1-513f-4743-bce8-cbd5c80da46d","2025-09-19","2025-09-19"
"Default","Corporacion Peruana de Productos Quimicos S.A. (default)","FLOW_S06_OVO_16092025","Suspended","dfa9dee1-513f-4743-bce8-cbd5c80da46d","2025-09-17","2025-09-17"
"Default","Corporacion Peruana de Productos Quimicos S.A. (default)","FLOW_S07_1809_OVO","Started","dfa9dee1-513f-4743-bce8-cbd5c80da46d","2025-09-19","2025-09-19"
"Default","Corporacion Peruana de Productos Quimicos S.A. (default)","FLOW_S07_OVO_18092025_2","Suspended","dfa9dee1-513f-4743-bce8-cbd5c80da46d","2025-09-19","2025-09-19"
"Default","Corporacion Peruana de Productos Quimicos S.A. (default)","FLOW_S07_OVO_1809_4","Stopped","dfa9dee1-513f-4743-bce8-cbd5c80da46d","2025-09-19","2025-09-19"
"Default","Corporacion Peruana de Productos Quimicos S.A. (default)","FLUJO CARTA RECLAMO","Started","946ec706-c557-4850-8661-c620bd0c18f8","2022-05-19","2022-05-19"
"Default","Corporacion Peruana de Productos Quimicos S.A. (default)","FLUJO DE CAMBIO","Started","ac75d329-c196-4f5b-b391-f28810ea7564","2024-11-11","2024-11-11"
"Default","Corporacion Peruana de Productos Quimicos S.A. (default)","FRACCIONAMIENTO","Started","3fc19695-9bdf-4e13-b59f-e9ce55412e25","2026-01-12","2026-05-04"
"Default","Corporacion Peruana de Productos Quimicos S.A. (default)","FlowSubirArchivo","Started","fbb32ed4-5e63-4576-acb3-6e1ad04aea2f","2025-10-01","2025-10-01"
"Default","Corporacion Peruana de Productos Quimicos S.A. (default)","Flujo","Started","e250bd6e-83cf-4356-aa18-6be692fa8e6f","2025-03-27","2025-03-27"
"Default","Corporacion Peruana de Productos Quimicos S.A. (default)","Flujo Anexo2","Suspended","8c24c678-7bcf-4ada-b153-b6c079126888","2023-09-04","2023-10-25"
"Default","Corporacion Peruana de Productos Quimicos S.A. (default)","Flujo Anexo3","Stopped","8c24c678-7bcf-4ada-b153-b6c079126888","2023-09-05","2023-10-25"
"Default","Corporacion Peruana de Productos Quimicos S.A. (default)","Flujo de Lideres","Started","e250bd6e-83cf-4356-aa18-6be692fa8e6f","2024-08-29","2024-08-29"
"Default","Corporacion Peruana de Productos Quimicos S.A. (default)","Flujo de Prueba ","Stopped","1d62689f-3dd1-40f5-8dfc-27ce72c81020","2022-10-05","2022-10-05"
"Default","Corporacion Peruana de Productos Quimicos S.A. (default)","Flujo registro trabajadores","Stopped","aeafb681-4c62-45cc-b212-af039250a5b5","2024-04-05","2024-04-18"
"Default","Corporacion Peruana de Productos Quimicos S.A. (default)","Follow up on a message","Started","b33b6dc0-facb-4c62-8d79-9c452d9093ff","2026-01-29","2026-01-29"
"Default","Corporacion Peruana de Productos Quimicos S.A. (default)","Follow up on a message","Started","530cfe9a-30ec-4f81-97d4-2dc0a58cb2ec","2023-07-06","2023-07-06"
"Default","Corporacion Peruana de Productos Quimicos S.A. (default)","Follow up on a message","Started","c78347bc-e7c2-49b9-bf36-73f90bdd62a2","2025-08-17","2025-08-17"
"Default","Corporacion Peruana de Productos Quimicos S.A. (default)","Forms Back Up Inducción","Stopped","1d62689f-3dd1-40f5-8dfc-27ce72c81020","2022-11-29","2022-11-29"
"Default","Corporacion Peruana de Productos Quimicos S.A. (default)","Forms a PDF","Stopped","9ec26276-c70a-4a37-ac45-5cb100c322cf","2021-11-23","2021-11-23"
"Default","Corporacion Peruana de Productos Quimicos S.A. (default)","Forms a PDF V2","Stopped","9ec26276-c70a-4a37-ac45-5cb100c322cf","2021-11-24","2021-11-24"
"Default","Corporacion Peruana de Productos Quimicos S.A. (default)","Fujo de Prueba","Stopped","da2df52d-24d1-48e2-b7d8-9de7bd973f93","2024-07-26","2024-07-26"
"Default","Corporacion Peruana de Productos Quimicos S.A. (default)","Garantizar un tiempo de concentración adecuado","Suspended","38c6d652-4eec-4d23-9b24-6a093941b570","2026-06-22","2026-06-22"
"Default","Corporacion Peruana de Productos Quimicos S.A. (default)","Get Email","Started","8b6a049d-1ac2-4a0a-88cb-b21a5831768c","2026-02-03","2026-03-04"
"Default","Corporacion Peruana de Productos Quimicos S.A. (default)","Gran Industria - Recordatorio de carga de OC","Started","3dcda98e-ac05-4a38-8093-8823230214d8","2026-04-11","2026-04-17"
"Default","Corporacion Peruana de Productos Quimicos S.A. (default)","Guarda adjunto de correos con asunto ""plan""","Started","e2d5a2a7-e89c-405c-bd31-623ede84542d","2026-02-02","2026-07-08"
"Default","Corporacion Peruana de Productos Quimicos S.A. (default)","Guarda adjunto de correos con asunto ""plan""","Stopped","5a0e8406-7bec-4c40-8af6-fb85470eee1b","2026-03-02","2026-03-11"
"Default","Corporacion Peruana de Productos Quimicos S.A. (default)","Guarda adjunto de correos con asunto ""plan""","Suspended","c0a35ed2-826b-4d5b-b776-7ef0c1b3db02","2026-02-04","2026-07-08"
"Default","Corporacion Peruana de Productos Quimicos S.A. (default)","Guardar datos adjuntos de correo electrónico de Office 365 en OneDrive para la Empresa","Stopped","bd890659-c0ba-425e-861a-895549f66f7c","2019-09-13","2019-09-13"
"Default","Corporacion Peruana de Productos Quimicos S.A. (default)","Guardar datos adjuntos de correo electrónico de Office 365 en OneDrive para la Empresa","Stopped","2a35744b-dda7-4233-ba67-e1e7b5b23a1e","2021-04-17","2021-04-17"
"Default","Corporacion Peruana de Productos Quimicos S.A. (default)","Guardar en Sharepoint _ HD","Stopped","9ec26276-c70a-4a37-ac45-5cb100c322cf","2022-03-07","2022-03-07"
"Default","Corporacion Peruana de Productos Quimicos S.A. (default)","Guardar los archivos de Proyectos","Started","e6801040-9b5c-440f-a20e-8873de982679","2026-06-23","2026-06-23"
"Default","Corporacion Peruana de Productos Quimicos S.A. (default)","Guias sin calificar","Started","b39580c6-a0f2-4691-b00f-d599dcc1ec97","2024-02-29","2026-03-03"
"Default","Corporacion Peruana de Productos Quimicos S.A. (default)","Induccion a Contratistas Version 1","Stopped","d05b5922-9391-4f41-87e2-37863ee9256a","2022-10-03","2022-10-03"
"Default","Corporacion Peruana de Productos Quimicos S.A. (default)","Induccion a Contratistas Version 1","Started","9ec26276-c70a-4a37-ac45-5cb100c322cf","2022-09-02","2022-09-02"
"Default","Corporacion Peruana de Productos Quimicos S.A. (default)","Induccion a Terceros V2","Started","9ec26276-c70a-4a37-ac45-5cb100c322cf","2022-08-24","2022-09-27"
"Default","Corporacion Peruana de Productos Quimicos S.A. (default)","Induccion a Terceros V2","Stopped","d05b5922-9391-4f41-87e2-37863ee9256a","2022-10-03","2022-10-03"
"Default","Corporacion Peruana de Productos Quimicos S.A. (default)","Induccion a Terceros: Version 3","Stopped","d05b5922-9391-4f41-87e2-37863ee9256a","2022-10-03","2022-10-03"
"Default","Corporacion Peruana de Productos Quimicos S.A. (default)","Induccion a Terceros: Version 3","Started","9ec26276-c70a-4a37-ac45-5cb100c322cf","2022-08-29","2022-08-29"
"Default","Corporacion Peruana de Productos Quimicos S.A. (default)","Induccion a Terceros: Version 3: 2","Stopped","d05b5922-9391-4f41-87e2-37863ee9256a","2022-10-05","2022-10-05"
"Default","Corporacion Peruana de Productos Quimicos S.A. (default)","Inducción a terceros V1","Stopped","d05b5922-9391-4f41-87e2-37863ee9256a","2022-10-05","2022-10-07"
"Default","Corporacion Peruana de Productos Quimicos S.A. (default)","Inducción de Contratistas new V3","Stopped","1d62689f-3dd1-40f5-8dfc-27ce72c81020","2022-10-17","2022-10-17"
"Default","Corporacion Peruana de Productos Quimicos S.A. (default)","Inducción de Contratistas new V3","Stopped","d05b5922-9391-4f41-87e2-37863ee9256a","2022-10-07","2022-10-07"
"Default","Corporacion Peruana de Productos Quimicos S.A. (default)","Inducción de contratistas new V1","Stopped","1d62689f-3dd1-40f5-8dfc-27ce72c81020","2022-10-17","2022-10-17"
"Default","Corporacion Peruana de Productos Quimicos S.A. (default)","Inducción de contratistas new V1","Stopped","d05b5922-9391-4f41-87e2-37863ee9256a","2022-10-06","2022-10-07"
"Default","Corporacion Peruana de Productos Quimicos S.A. (default)","Inducción de contratistas new V2 ","Stopped","1d62689f-3dd1-40f5-8dfc-27ce72c81020","2022-10-17","2022-10-17"
"Default","Corporacion Peruana de Productos Quimicos S.A. (default)","Inducción de contratistas new V2 ","Stopped","d05b5922-9391-4f41-87e2-37863ee9256a","2022-10-07","2022-10-07"
"Default","Corporacion Peruana de Productos Quimicos S.A. (default)","Inducción de contratistas new V2 : 2","Stopped","1d62689f-3dd1-40f5-8dfc-27ce72c81020","2022-10-17","2022-10-17"
"Default","Corporacion Peruana de Productos Quimicos S.A. (default)","Inducción de contratistas new V4","Stopped","1d62689f-3dd1-40f5-8dfc-27ce72c81020","2022-10-17","2022-10-17"
"Default","Corporacion Peruana de Productos Quimicos S.A. (default)","Inducción de contratistas new V4","Stopped","d05b5922-9391-4f41-87e2-37863ee9256a","2022-10-07","2022-10-07"
"Default","Corporacion Peruana de Productos Quimicos S.A. (default)","Inducción de contratistas versión 4","Stopped","d05b5922-9391-4f41-87e2-37863ee9256a","2022-09-02","2022-09-05"
"Default","Corporacion Peruana de Productos Quimicos S.A. (default)","Informacion de la lista","Started","870bb150-dd85-44b9-9d91-7d23c8e34fc0","2026-05-20","2026-05-20"
"Default","Corporacion Peruana de Productos Quimicos S.A. (default)","Informe de cierre de turno","Stopped","b39580c6-a0f2-4691-b00f-d599dcc1ec97","2024-02-21","2026-02-11"
"Default","Corporacion Peruana de Productos Quimicos S.A. (default)","JM001 - Aviso de ensayos I+D","Started","4c19df3f-b5d7-44f6-bcf1-6d90229b41ae","2023-06-28","2024-01-25"
"Default","Corporacion Peruana de Productos Quimicos S.A. (default)","JM003 - Aviso de Problemas - Recordatorio","Stopped","4c19df3f-b5d7-44f6-bcf1-6d90229b41ae","2024-11-28","2025-08-11"
"Default","Corporacion Peruana de Productos Quimicos S.A. (default)","JM003 - Aviso de problemas - Aprobacion","Started","4c19df3f-b5d7-44f6-bcf1-6d90229b41ae","2024-11-25","2025-08-20"
"Default","Corporacion Peruana de Productos Quimicos S.A. (default)","JM003 - Aviso de problemas - Registro","Started","4c19df3f-b5d7-44f6-bcf1-6d90229b41ae","2024-11-28","2025-08-20"
"Default","Corporacion Peruana de Productos Quimicos S.A. (default)","JM008 - Generar tareas para proyectos de desarrollo","Started","4c19df3f-b5d7-44f6-bcf1-6d90229b41ae","2023-11-02","2023-11-30"
"Default","Corporacion Peruana de Productos Quimicos S.A. (default)","JM009 - Conocer campos de Lista Sharepoint","Started","4c19df3f-b5d7-44f6-bcf1-6d90229b41ae","2023-11-29","2023-11-30"
"Default","Corporacion Peruana de Productos Quimicos S.A. (default)","JM010 - Generar actividades de procesos de I+D","Started","4c19df3f-b5d7-44f6-bcf1-6d90229b41ae","2023-12-06","2024-02-12"
"Default","Corporacion Peruana de Productos Quimicos S.A. (default)","JM011 - Migrar historicos de ensayos I+D","Started","4c19df3f-b5d7-44f6-bcf1-6d90229b41ae","2024-01-24","2025-05-09"
"Default","Corporacion Peruana de Productos Quimicos S.A. (default)","JM012 - Migrar anulados de ensayos I+D","Started","4c19df3f-b5d7-44f6-bcf1-6d90229b41ae","2024-01-24","2024-01-25"
"Default","Corporacion Peruana de Productos Quimicos S.A. (default)","JM013 - Aviso de resultado de RCP","Started","4c19df3f-b5d7-44f6-bcf1-6d90229b41ae","2024-10-11","2025-02-19"
"Default","Corporacion Peruana de Productos Quimicos S.A. (default)","JM014 - Modelo Datos a Excel Online","Stopped","4c19df3f-b5d7-44f6-bcf1-6d90229b41ae","2024-12-16","2024-12-29"
"Default","Corporacion Peruana de Productos Quimicos S.A. (default)","JM015 - Modelo Datos a Excel Online","Stopped","4c19df3f-b5d7-44f6-bcf1-6d90229b41ae","2024-12-29","2024-12-29"
"Default","Corporacion Peruana de Productos Quimicos S.A. (default)","JM016 - Modelo Datos a Excel Online","Started","4c19df3f-b5d7-44f6-bcf1-6d90229b41ae","2024-12-29","2025-02-26"
"Default","Corporacion Peruana de Productos Quimicos S.A. (default)","JM019 - Modelo Datos a Colección - Cliente","Started","4c19df3f-b5d7-44f6-bcf1-6d90229b41ae","2025-05-08","2025-05-08"
"Default","Corporacion Peruana de Productos Quimicos S.A. (default)","JM020 - Generar actividades de procesos de I+D B2B","Started","4c19df3f-b5d7-44f6-bcf1-6d90229b41ae","2025-01-13","2025-01-13"
"Default","Corporacion Peruana de Productos Quimicos S.A. (default)","JM020 - Generar actividades de procesos de I+D B2C","Started","4c19df3f-b5d7-44f6-bcf1-6d90229b41ae","2025-01-03","2025-01-06"
"Default","Corporacion Peruana de Productos Quimicos S.A. (default)","JM020 - Generar actividades de procesos de I+D MAT","Started","4c19df3f-b5d7-44f6-bcf1-6d90229b41ae","2025-01-16","2025-01-16"
"Default","Corporacion Peruana de Productos Quimicos S.A. (default)","JM028 - Capturar cierre de tarea en Planner B2B","Suspended","4c19df3f-b5d7-44f6-bcf1-6d90229b41ae","2025-01-13","2025-01-30"
"Default","Corporacion Peruana de Productos Quimicos S.A. (default)","JM029 - Obtener Id de contenedores de Planner","Started","4c19df3f-b5d7-44f6-bcf1-6d90229b41ae","2025-01-03","2025-01-20"
"Default","Corporacion Peruana de Productos Quimicos S.A. (default)","JM030 - Generación Manual de Certificados de Garantía","Started","4c19df3f-b5d7-44f6-bcf1-6d90229b41ae","2025-01-28","2025-01-28"
"Default","Corporacion Peruana de Productos Quimicos S.A. (default)","Log Cambios de archivos BI","Started","4e4fc93e-3450-466c-b283-0b3f53afd4a7","2026-02-25","2026-03-11"
"Default","Corporacion Peruana de Productos Quimicos S.A. (default)","MANTENIMIENTO","Stopped","c5a9d275-dbe4-4b1d-93a1-f66e20584d8a","2025-05-07","2025-05-07"
"Default","Corporacion Peruana de Productos Quimicos S.A. (default)","MANTENIMIENTO","Started","3fc19695-9bdf-4e13-b59f-e9ce55412e25","2026-01-09","2026-05-04"
"Default","Corporacion Peruana de Productos Quimicos S.A. (default)","MATERIA PRIMA","Started","3fc19695-9bdf-4e13-b59f-e9ce55412e25","2026-01-12","2026-05-04"
"Default","Corporacion Peruana de Productos Quimicos S.A. (default)","MDGEnvioCorreoDesdeSQL_01","Stopped","7d2b3b36-f960-485a-ae61-8d2d54df19aa","2025-05-09","2025-05-15"
"Default","Corporacion Peruana de Productos Quimicos S.A. (default)","MENSAJE TEAMS - MARCIA","Started","e9855609-8a8c-486c-be46-aa92b4254959","2026-06-16","2026-07-02"
"Default","Corporacion Peruana de Productos Quimicos S.A. (default)","MESA DE COMPRAS","Suspended","6a047392-91a9-4c0e-a104-5ece3d12b358","2025-10-28","2025-10-28"
"Default","Corporacion Peruana de Productos Quimicos S.A. (default)","MMM","Started","0746fda9-5d27-4a04-8479-fac85bd362f3","2025-06-17","2025-06-17"
"Default","Corporacion Peruana de Productos Quimicos S.A. (default)","Mail Urgent","Started","ad27aa59-edd0-4021-b8bd-643c6403703c","2024-10-22","2024-10-22"
"Default","Corporacion Peruana de Productos Quimicos S.A. (default)","Mantenimiento","Stopped","276f5bbf-f812-4bfc-a06c-b8f97e7f70bd","2024-01-30","2025-01-21"
"Default","Corporacion Peruana de Productos Quimicos S.A. (default)","Marino - Recordatorio de carga de OC","Started","3dcda98e-ac05-4a38-8093-8823230214d8","2026-04-11","2026-04-17"
"Default","Corporacion Peruana de Productos Quimicos S.A. (default)","Materia Prima 1","Stopped","276f5bbf-f812-4bfc-a06c-b8f97e7f70bd","2024-01-31","2025-01-21"
"Default","Corporacion Peruana de Productos Quimicos S.A. (default)","NEW KATTY","Stopped","48bcf374-8302-457e-8209-99e8708edbec","2023-02-21","2023-02-21"
"Default","Corporacion Peruana de Productos Quimicos S.A. (default)","Notificación","Stopped","c54320d5-6287-4213-aac4-afd39ff87da3","2024-03-17","2024-04-15"
"Default","Corporacion Peruana de Productos Quimicos S.A. (default)","Notificación Tabla completa","Started","c54320d5-6287-4213-aac4-afd39ff87da3","2024-03-29","2024-04-08"
"Default","Corporacion Peruana de Productos Quimicos S.A. (default)","Notificación al supervisor - Checklist de limpieza","Suspended","53da7f04-6a3d-436e-821d-c11c8d7a1e6f","2025-10-13","2025-10-13"
"Default","Corporacion Peruana de Productos Quimicos S.A. (default)","Notificación tabla filtrada","Started","c54320d5-6287-4213-aac4-afd39ff87da3","2024-04-03","2024-04-15"
"Default","Corporacion Peruana de Productos Quimicos S.A. (default)","NotificarUsuarioAtendido","Stopped","9ec26276-c70a-4a37-ac45-5cb100c322cf","2022-03-07","2022-03-07"
"Default","Corporacion Peruana de Productos Quimicos S.A. (default)","NotificarUsuarioySoporte","Stopped","9ec26276-c70a-4a37-ac45-5cb100c322cf","2022-03-07","2022-03-07"
"Default","Corporacion Peruana de Productos Quimicos S.A. (default)","ODATA","Started","e30bfe21-47a8-4828-865f-ee443b578d2e","2025-07-17","2025-09-04"
"Default","Corporacion Peruana de Productos Quimicos S.A. (default)","ODATA2","Started","e30bfe21-47a8-4828-865f-ee443b578d2e","2025-07-21","2025-09-04"
"Default","Corporacion Peruana de Productos Quimicos S.A. (default)","OLT - Discusión de temas 1","Stopped","da2df52d-24d1-48e2-b7d8-9de7bd973f93","2025-01-07","2025-01-07"
"Default","Corporacion Peruana de Productos Quimicos S.A. (default)","OLT - Discusión de temas 2","Stopped","da2df52d-24d1-48e2-b7d8-9de7bd973f93","2025-01-07","2025-01-07"
"Default","Corporacion Peruana de Productos Quimicos S.A. (default)","OLT - Discusión de temas 3","Stopped","da2df52d-24d1-48e2-b7d8-9de7bd973f93","2025-01-07","2025-01-07"
"Default","Corporacion Peruana de Productos Quimicos S.A. (default)","OLT - Discusión de temas 4","Stopped","da2df52d-24d1-48e2-b7d8-9de7bd973f93","2025-01-07","2025-01-07"
"Default","Corporacion Peruana de Productos Quimicos S.A. (default)","OLT - Discusión de temas 5","Stopped","da2df52d-24d1-48e2-b7d8-9de7bd973f93","2025-01-07","2025-01-07"
"Default","Corporacion Peruana de Productos Quimicos S.A. (default)","OLT - Discusión de temas 6","Stopped","da2df52d-24d1-48e2-b7d8-9de7bd973f93","2025-01-07","2025-01-07"
"Default","Corporacion Peruana de Productos Quimicos S.A. (default)","OLT - Discusión de temas 7","Stopped","da2df52d-24d1-48e2-b7d8-9de7bd973f93","2025-01-07","2025-01-07"
"Default","Corporacion Peruana de Productos Quimicos S.A. (default)","OLT - Discusión de temas 8","Stopped","da2df52d-24d1-48e2-b7d8-9de7bd973f93","2025-01-07","2025-01-07"
"Default","Corporacion Peruana de Productos Quimicos S.A. (default)","OLT MENSUAL 1","Stopped","da2df52d-24d1-48e2-b7d8-9de7bd973f93","2024-11-28","2025-01-07"
"Default","Corporacion Peruana de Productos Quimicos S.A. (default)","OLT MENSUAL 2","Stopped","da2df52d-24d1-48e2-b7d8-9de7bd973f93","2025-01-07","2025-01-08"
"Default","Corporacion Peruana de Productos Quimicos S.A. (default)","OLT MENSUAL 3","Stopped","da2df52d-24d1-48e2-b7d8-9de7bd973f93","2025-01-07","2025-01-07"
"Default","Corporacion Peruana de Productos Quimicos S.A. (default)","OLT MENSUAL 4","Stopped","da2df52d-24d1-48e2-b7d8-9de7bd973f93","2025-01-07","2025-01-07"
"Default","Corporacion Peruana de Productos Quimicos S.A. (default)","OLT MENSUAL 5","Stopped","da2df52d-24d1-48e2-b7d8-9de7bd973f93","2025-01-07","2025-01-07"
"Default","Corporacion Peruana de Productos Quimicos S.A. (default)","OLT MENSUAL 6","Stopped","da2df52d-24d1-48e2-b7d8-9de7bd973f93","2025-01-07","2025-01-07"
"Default","Corporacion Peruana de Productos Quimicos S.A. (default)","OLT MENSUAL 7","Stopped","da2df52d-24d1-48e2-b7d8-9de7bd973f93","2025-01-07","2025-01-07"
"Default","Corporacion Peruana de Productos Quimicos S.A. (default)","ONBOARDING","Started","db2e3bc5-c6e3-46a5-8ae0-2a964333bef0","2025-08-23","2025-08-23"
"Default","Corporacion Peruana de Productos Quimicos S.A. (default)","OSLT TRIMESTRAL 1","Stopped","da2df52d-24d1-48e2-b7d8-9de7bd973f93","2025-01-07","2025-01-07"
"Default","Corporacion Peruana de Productos Quimicos S.A. (default)","OSLT TRIMESTRAL 2","Stopped","da2df52d-24d1-48e2-b7d8-9de7bd973f93","2025-01-07","2025-01-07"
"Default","Corporacion Peruana de Productos Quimicos S.A. (default)","OSLT TRIMESTRAL 3","Stopped","da2df52d-24d1-48e2-b7d8-9de7bd973f93","2025-01-07","2025-01-07"
"Default","Corporacion Peruana de Productos Quimicos S.A. (default)","OSLT TRIMESTRAL 4","Stopped","da2df52d-24d1-48e2-b7d8-9de7bd973f93","2025-01-07","2025-01-07"
"Default","Corporacion Peruana de Productos Quimicos S.A. (default)","Objetivos 2026 -  - 2f6e01c0-3308-4a8c-926a-f54b3bc38a23","Started","94317e16-618e-4e48-95c6-2488802982d8","2026-06-06","2026-06-06"
"Default","Corporacion Peruana de Productos Quimicos S.A. (default)","Objetivos 2026 -  - 8d3b5689-663a-4a43-8541-9f85c8ea0826","Started","94317e16-618e-4e48-95c6-2488802982d8","2026-06-06","2026-06-06"
"Default","Corporacion Peruana de Productos Quimicos S.A. (default)","Obtener recordatorio por correo electrónico","Stopped","da2df52d-24d1-48e2-b7d8-9de7bd973f93","2024-11-26","2024-11-26"
"Default","Corporacion Peruana de Productos Quimicos S.A. (default)","PA-PBISQL-MDGC-MARA-PRD","Stopped","7d2b3b36-f960-485a-ae61-8d2d54df19aa","2025-06-23","2025-06-23"
"Default","Corporacion Peruana de Productos Quimicos S.A. (default)","PA-PBISQL-MDGC-MARM-PRD","Stopped","7d2b3b36-f960-485a-ae61-8d2d54df19aa","2025-06-23","2025-06-23"
"Default","Corporacion Peruana de Productos Quimicos S.A. (default)","PA-PBISQL-MDGC-MARX-PRD","Started","7d2b3b36-f960-485a-ae61-8d2d54df19aa","2025-06-23","2025-08-29"
"Default","Corporacion Peruana de Productos Quimicos S.A. (default)","PA-SQLMDG-CONN-PRD","Started","7d2b3b36-f960-485a-ae61-8d2d54df19aa","2025-05-15","2025-08-14"
"Default","Corporacion Peruana de Productos Quimicos S.A. (default)","PAPPS _EXAM_OSCAR_VELIZ","Stopped","dfa9dee1-513f-4743-bce8-cbd5c80da46d","2025-10-08","2025-10-08"
"Default","Corporacion Peruana de Productos Quimicos S.A. (default)","PAPPS _EXAM_OSCAR_VELIZ_PROGRAMADO","Stopped","dfa9dee1-513f-4743-bce8-cbd5c80da46d","2025-10-08","2025-10-08"
"Default","Corporacion Peruana de Productos Quimicos S.A. (default)","PA_Flow_Goldenbelt","Started","964f35fa-6c39-4b55-9535-a6d105d0eba1","2025-10-05","2025-10-08"
"Default","Corporacion Peruana de Productos Quimicos S.A. (default)","PA_Flow_Goldenbelt_DOC","Started","964f35fa-6c39-4b55-9535-a6d105d0eba1","2025-12-02","2026-07-31"
"Default","Corporacion Peruana de Productos Quimicos S.A. (default)","PA_Flow_PO_Documentation","Started","964f35fa-6c39-4b55-9535-a6d105d0eba1","2025-09-26","2025-10-29"
"Default","Corporacion Peruana de Productos Quimicos S.A. (default)","PDI 2026 - Recordatorio","Stopped","3dcda98e-ac05-4a38-8093-8823230214d8","2026-03-29","2026-04-30"
"Default","Corporacion Peruana de Productos Quimicos S.A. (default)","PLASTICOS","Stopped","c5a9d275-dbe4-4b1d-93a1-f66e20584d8a","2025-05-07","2025-05-07"
"Default","Corporacion Peruana de Productos Quimicos S.A. (default)","PLÁSTICOS","Started","3fc19695-9bdf-4e13-b59f-e9ce55412e25","2026-01-09","2026-05-04"
"Default","Corporacion Peruana de Productos Quimicos S.A. (default)","POC-DatosBI-SQL-MDGConnect","Stopped","7d2b3b36-f960-485a-ae61-8d2d54df19aa","2025-05-26","2025-06-10"
"Default","Corporacion Peruana de Productos Quimicos S.A. (default)","POC-MARA_Test2","Started","7d2b3b36-f960-485a-ae61-8d2d54df19aa","2025-06-16","2025-06-23"
"Default","Corporacion Peruana de Productos Quimicos S.A. (default)","POC-MARM_Test2","Stopped","7d2b3b36-f960-485a-ae61-8d2d54df19aa","2025-06-13","2025-06-23"
"Default","Corporacion Peruana de Productos Quimicos S.A. (default)","PRUEBA FORMATO FERT","Started","5af2e374-e178-42d8-8c21-d3896ee73679","2024-09-23","2024-09-30"
"Default","Corporacion Peruana de Productos Quimicos S.A. (default)","Pago a proveedores por mail","Started","e30bfe21-47a8-4828-865f-ee443b578d2e","2025-11-24","2026-04-21"
"Default","Corporacion Peruana de Productos Quimicos S.A. (default)","Pedidos retenidos por bajo peso","Started","b39580c6-a0f2-4691-b00f-d599dcc1ec97","2025-11-28","2026-02-25"
"Default","Corporacion Peruana de Productos Quimicos S.A. (default)","Periodicidad -> Inicializar variable,Aplicar a cada uno,Obtener ele...","Stopped","ac84850a-cd59-4597-883a-ebc3750b362d","2023-03-22","2023-03-22"
"Default","Corporacion Peruana de Productos Quimicos S.A. (default)","Plan de Fidelización: Multiplicadores","Stopped","5e64cffd-d26f-4b3a-8070-271dd8b867ea","2025-09-29","2026-01-29"
"Default","Corporacion Peruana de Productos Quimicos S.A. (default)","Planner","Started","eacec260-bde4-4293-9489-81fd2c2a1c51","2026-06-29","2026-06-29"
"Default","Corporacion Peruana de Productos Quimicos S.A. (default)","Planner Eventos","Started","eacec260-bde4-4293-9489-81fd2c2a1c51","2026-06-29","2026-06-29"
"Default","Corporacion Peruana de Productos Quimicos S.A. (default)","Plásticos","Stopped","276f5bbf-f812-4bfc-a06c-b8f97e7f70bd","2024-02-01","2025-01-21"
"Default","Corporacion Peruana de Productos Quimicos S.A. (default)","Post a message to Microsoft Teams for a selected item","Started","d41f0b72-9909-42e6-a54b-1b5a7d6489b6","2025-11-26","2025-11-26"
"Default","Corporacion Peruana de Productos Quimicos S.A. (default)","Power Apps_Outlook","Started","6a047392-91a9-4c0e-a104-5ece3d12b358","2025-10-29","2025-10-29"
"Default","Corporacion Peruana de Productos Quimicos S.A. (default)","PowerApp -> Obtener contenido de archivo","Started","e5a6858e-9106-4678-b7bb-3939c895901d","2023-02-15","2023-02-15"
"Default","Corporacion Peruana de Productos Quimicos S.A. (default)","PowerApp -> Rellenar una plantilla de Microsoft Word,Crear archivo","Started","2a35744b-dda7-4233-ba67-e1e7b5b23a1e","2021-04-17","2021-04-17"
"Default","Corporacion Peruana de Productos Quimicos S.A. (default)","Primera Clase","Started","799fb8bc-1c26-4cd3-825a-fb6ddd488393","2019-12-22","2019-12-22"
"Default","Corporacion Peruana de Productos Quimicos S.A. (default)","Problemas - Avisos","Stopped","4c19df3f-b5d7-44f6-bcf1-6d90229b41ae","2023-07-04","2024-11-28"
"Default","Corporacion Peruana de Productos Quimicos S.A. (default)","Procesamiento PDFs - Finanza","Started","4e4fc93e-3450-466c-b283-0b3f53afd4a7","2026-03-11","2026-03-16"
"Default","Corporacion Peruana de Productos Quimicos S.A. (default)","Procesar Fotos Forms","Started","5e64cffd-d26f-4b3a-8070-271dd8b867ea","2026-04-30","2026-04-30"
"Default","Corporacion Peruana de Productos Quimicos S.A. (default)","Producto Problema - Recordatorio","Stopped","4c19df3f-b5d7-44f6-bcf1-6d90229b41ae","2023-09-01","2024-12-10"
"Default","Corporacion Peruana de Productos Quimicos S.A. (default)","Producto Terminado","Stopped","276f5bbf-f812-4bfc-a06c-b8f97e7f70bd","2024-01-31","2025-01-21"
"Default","Corporacion Peruana de Productos Quimicos S.A. (default)","Programar la ejecución de un script de Office en Excel","Stopped","d7559aac-2daa-4044-bd8e-eeec72eedb73","2025-07-15","2025-08-18"
"Default","Corporacion Peruana de Productos Quimicos S.A. (default)","Programar la ejecución de un script de Office en Excel","Suspended","d7559aac-2daa-4044-bd8e-eeec72eedb73","2025-07-14","2025-07-14"
"Default","Corporacion Peruana de Productos Quimicos S.A. (default)","Programar la ejecución de un script de Office en Excel","Suspended","d7559aac-2daa-4044-bd8e-eeec72eedb73","2025-07-30","2025-07-30"
"Default","Corporacion Peruana de Productos Quimicos S.A. (default)","Programar la ejecución de un script de Office en Excel","Stopped","d7559aac-2daa-4044-bd8e-eeec72eedb73","2025-07-11","2025-07-11"
"Default","Corporacion Peruana de Productos Quimicos S.A. (default)","Programar la ejecución de un script de Office en Excel","Stopped","d7559aac-2daa-4044-bd8e-eeec72eedb73","2025-07-11","2025-07-11"
"Default","Corporacion Peruana de Productos Quimicos S.A. (default)","Programar un script para que se ejecute en Excel","Stopped","4cf07c83-dae3-4aee-8d61-2f371e653d2d","2021-10-14","2021-10-14"
"Default","Corporacion Peruana de Productos Quimicos S.A. (default)","Promover Encuesta Qroma","Started","d4502852-5e92-466d-a794-b02e668ec305","2025-12-04","2025-12-04"
"Default","Corporacion Peruana de Productos Quimicos S.A. (default)","Prop1_teams","Stopped","c78347bc-e7c2-49b9-bf36-73f90bdd62a2","2025-08-17","2025-08-17"
"Default","Corporacion Peruana de Productos Quimicos S.A. (default)","Prototipo 2","Started","276f5bbf-f812-4bfc-a06c-b8f97e7f70bd","2024-02-05","2024-02-06"
"Default","Corporacion Peruana de Productos Quimicos S.A. (default)","Prueba","Suspended","8259e2b5-b68a-4e75-82c8-988be850b0f8","2025-06-03","2025-06-03"
"Default","Corporacion Peruana de Productos Quimicos S.A. (default)","Prueba 1","Started","19558187-c352-4892-b1ea-a6829fc6b37e","2026-07-19","2026-07-19"
"Default","Corporacion Peruana de Productos Quimicos S.A. (default)","Prueba elimina fila","Started","5af2e374-e178-42d8-8c21-d3896ee73679","2024-09-26","2024-09-27"
"Default","Corporacion Peruana de Productos Quimicos S.A. (default)","Prueba-app","Stopped","1fc7af00-0431-4886-a30a-5805ecefbc23","2022-04-13","2022-04-13"
"Default","Corporacion Peruana de Productos Quimicos S.A. (default)","Prueba1","Started","5af2e374-e178-42d8-8c21-d3896ee73679","2024-09-13","2024-09-13"
"Default","Corporacion Peruana de Productos Quimicos S.A. (default)","Publicar un mensaje en Microsoft Teams para el archivo seleccionado","Suspended","c7254cf7-0439-4b8d-93b4-7db67230c460","2020-09-07","2020-09-07"
"Default","Corporacion Peruana de Productos Quimicos S.A. (default)","QUIMICOS RESINAS TEMPLE","Started","3fc19695-9bdf-4e13-b59f-e9ce55412e25","2026-03-04","2026-05-04"
"Default","Corporacion Peruana de Productos Quimicos S.A. (default)","QUIMICOS Y RESINAS","Stopped","c5a9d275-dbe4-4b1d-93a1-f66e20584d8a","2025-05-08","2025-05-20"
"Default","Corporacion Peruana de Productos Quimicos S.A. (default)","Quitar accesos - Comedor 2025","Stopped","74e429e8-744a-4cbc-9594-43225e8fe04e","2024-02-23","2025-07-03"
"Default","Corporacion Peruana de Productos Quimicos S.A. (default)","Quitar accesos - Comedor APT","Stopped","74e429e8-744a-4cbc-9594-43225e8fe04e","2024-02-23","2025-07-03"
"Default","Corporacion Peruana de Productos Quimicos S.A. (default)","Químicos y Resinas","Stopped","276f5bbf-f812-4bfc-a06c-b8f97e7f70bd","2024-02-01","2025-01-21"
"Default","Corporacion Peruana de Productos Quimicos S.A. (default)","RECORDATORIO OFFICEVIBE","Started","8259e2b5-b68a-4e75-82c8-988be850b0f8","2026-03-17","2026-03-23"
"Default","Corporacion Peruana de Productos Quimicos S.A. (default)","REGISTRO_PRODUCCION_HALB","Started","db2e3bc5-c6e3-46a5-8ae0-2a964333bef0","2026-04-29","2026-04-29"
"Default","Corporacion Peruana de Productos Quimicos S.A. (default)","REPORTEDESEGURIDAD","Started","fbb32ed4-5e63-4576-acb3-6e1ad04aea2f","2025-06-20","2025-06-20"
"Default","Corporacion Peruana de Productos Quimicos S.A. (default)","RESERVA SITIOS RAMBLA","Started","8259e2b5-b68a-4e75-82c8-988be850b0f8","2026-03-25","2026-07-07"
"Default","Corporacion Peruana de Productos Quimicos S.A. (default)","RFC a excel","Started","e30bfe21-47a8-4828-865f-ee443b578d2e","2025-07-21","2025-10-15"
"Default","Corporacion Peruana de Productos Quimicos S.A. (default)","RPA_Ejecucion_Automatica_TXT_a_EDI","Started","870bb150-dd85-44b9-9d91-7d23c8e34fc0","2025-11-18","2025-11-18"
"Default","Corporacion Peruana de Productos Quimicos S.A. (default)","RPA_KEYVAULT_EJECUCION_AUTOMATICA_TXT_EDI","Suspended","870bb150-dd85-44b9-9d91-7d23c8e34fc0","2025-11-18","2026-03-10"
"Default","Corporacion Peruana de Productos Quimicos S.A. (default)","Realizar un seguimiento de los correos electrónicos en una hoja de cálculo de Excel Online (Empresa)","Stopped","48bcf374-8302-457e-8209-99e8708edbec","2023-02-20","2023-02-21"
"Default","Corporacion Peruana de Productos Quimicos S.A. (default)","Realizar un seguimiento de los nuevos archivos en una hoja de cálculo de Excel Online (Business)","Stopped","276f5bbf-f812-4bfc-a06c-b8f97e7f70bd","2024-01-28","2024-01-29"
"Default","Corporacion Peruana de Productos Quimicos S.A. (default)","Rebate: Categoría foco","Stopped","5e64cffd-d26f-4b3a-8070-271dd8b867ea","2025-09-29","2026-03-02"
"Default","Corporacion Peruana de Productos Quimicos S.A. (default)","Recibir una notificación push cuando reciba un correo electrónico del jefe","Stopped","ea99528b-49a0-4bc2-9f5a-6a181e081e03","2020-10-20","2020-10-20"
"Default","Corporacion Peruana de Productos Quimicos S.A. (default)","Recordatorio Diario Planning","Stopped","e6801040-9b5c-440f-a20e-8873de982679","2026-06-23","2026-06-23"
"Default","Corporacion Peruana de Productos Quimicos S.A. (default)","Recurrence -> Ejecutar script","Started","6c01978e-32ad-46a6-98b0-ebd6c86103cc","2026-07-28","2026-07-28"
"Default","Corporacion Peruana de Productos Quimicos S.A. (default)","Recurrence -> Eliminar archivo","Stopped","4cf07c83-dae3-4aee-8d61-2f371e653d2d","2021-11-10","2021-11-10"
"Default","Corporacion Peruana de Productos Quimicos S.A. (default)","Recurrence -> Enumerar tareas,Aplicar a cada uno","Started","8c7d45da-47a1-49d1-bc00-d66b908e070d","2025-07-21","2025-07-21"
"Default","Corporacion Peruana de Productos Quimicos S.A. (default)","Recurrence -> Obtener elementos,For each,Agregar una fila a una tabla","Stopped","da2df52d-24d1-48e2-b7d8-9de7bd973f93","2025-01-13","2025-01-13"
"Default","Corporacion Peruana de Productos Quimicos S.A. (default)","Registro SOS","Stopped","1d62689f-3dd1-40f5-8dfc-27ce72c81020","2022-10-07","2022-10-07"
"Default","Corporacion Peruana de Productos Quimicos S.A. (default)","Registro SOS","Stopped","9ec26276-c70a-4a37-ac45-5cb100c322cf","2022-03-28","2022-09-09"
"Default","Corporacion Peruana de Productos Quimicos S.A. (default)","Registro SOS: 2","Stopped","1d62689f-3dd1-40f5-8dfc-27ce72c81020","2022-10-20","2022-10-20"
"Default","Corporacion Peruana de Productos Quimicos S.A. (default)","Registro SOS: 2","Stopped","9ec26276-c70a-4a37-ac45-5cb100c322cf","2022-03-28","2022-03-29"
"Default","Corporacion Peruana de Productos Quimicos S.A. (default)","Registro de Solicitudes Procesos","Stopped","42dc854e-dd3f-4a2c-80f2-e10d5ec3bf10","2026-03-20","2026-04-15"
"Default","Corporacion Peruana de Productos Quimicos S.A. (default)","Registro de Vacaciones","Started","4568115f-4685-4c3e-9abe-f46e122021a3","2025-10-10","2026-03-05"
"Default","Corporacion Peruana de Productos Quimicos S.A. (default)","Rellenar una plantilla de Microsoft Word","Started","861bfd5d-40ca-4b1c-a841-1ee7f565a2b5","2026-07-30","2026-07-30"
"Default","Corporacion Peruana de Productos Quimicos S.A. (default)","Responsable entregas sabados - Gran Industria","Started","3dcda98e-ac05-4a38-8093-8823230214d8","2026-04-02","2026-06-04"
"Default","Corporacion Peruana de Productos Quimicos S.A. (default)","Responsables sabados - Marino","Started","3dcda98e-ac05-4a38-8093-8823230214d8","2026-04-02","2026-06-04"
"Default","Corporacion Peruana de Productos Quimicos S.A. (default)","Resumen Diario PDFs - Finanzas","Started","4e4fc93e-3450-466c-b283-0b3f53afd4a7","2026-03-11","2026-03-16"
"Default","Corporacion Peruana de Productos Quimicos S.A. (default)","Reunión - Activación","Stopped","4c19df3f-b5d7-44f6-bcf1-6d90229b41ae","2023-06-02","2025-08-11"
"Default","Corporacion Peruana de Productos Quimicos S.A. (default)","Reunión - Comunicación y seguimiento de cumplimiento","Stopped","4c19df3f-b5d7-44f6-bcf1-6d90229b41ae","2023-06-01","2025-08-11"
"Default","Corporacion Peruana de Productos Quimicos S.A. (default)","RevAnualizada","Started","c78347bc-e7c2-49b9-bf36-73f90bdd62a2","2025-08-12","2026-07-10"
"Default","Corporacion Peruana de Productos Quimicos S.A. (default)","RevEmpCSV","Started","c78347bc-e7c2-49b9-bf36-73f90bdd62a2","2025-08-17","2025-08-17"
"Default","Corporacion Peruana de Productos Quimicos S.A. (default)","Rev_Salarial","Started","012a7584-649c-4992-b0e5-cb52abb428ef","2025-08-25","2025-09-26"
"Default","Corporacion Peruana de Productos Quimicos S.A. (default)","SOC - Consolidado Actividades","Started","9ec26276-c70a-4a37-ac45-5cb100c322cf","2022-05-12","2022-05-12"
"Default","Corporacion Peruana de Productos Quimicos S.A. (default)","SOC - Polvo","Stopped","9ec26276-c70a-4a37-ac45-5cb100c322cf","2022-03-28","2022-03-28"
"Default","Corporacion Peruana de Productos Quimicos S.A. (default)","SOC AMP Agustino","Stopped","9ec26276-c70a-4a37-ac45-5cb100c322cf","2022-03-28","2022-03-28"
"Default","Corporacion Peruana de Productos Quimicos S.A. (default)","SOC AMP ÑAÑA","Stopped","9ec26276-c70a-4a37-ac45-5cb100c322cf","2022-03-28","2022-03-28"
"Default","Corporacion Peruana de Productos Quimicos S.A. (default)","SOC APT Agustino","Stopped","9ec26276-c70a-4a37-ac45-5cb100c322cf","2022-03-28","2022-04-20"
"Default","Corporacion Peruana de Productos Quimicos S.A. (default)","SOC APT Agustino: 2","Stopped","9ec26276-c70a-4a37-ac45-5cb100c322cf","2022-03-28","2022-03-28"
"Default","Corporacion Peruana de Productos Quimicos S.A. (default)","SOC APT2","Stopped","9ec26276-c70a-4a37-ac45-5cb100c322cf","2022-04-20","2022-04-20"
"Default","Corporacion Peruana de Productos Quimicos S.A. (default)","SOC Acuoso","Stopped","9ec26276-c70a-4a37-ac45-5cb100c322cf","2022-03-28","2022-03-28"
"Default","Corporacion Peruana de Productos Quimicos S.A. (default)","SOC Adhesivos","Stopped","9ec26276-c70a-4a37-ac45-5cb100c322cf","2022-03-28","2022-03-28"
"Default","Corporacion Peruana de Productos Quimicos S.A. (default)","SOC PPH","Stopped","9ec26276-c70a-4a37-ac45-5cb100c322cf","2022-03-28","2022-03-28"
"Default","Corporacion Peruana de Productos Quimicos S.A. (default)","SOC Solvente","Stopped","9ec26276-c70a-4a37-ac45-5cb100c322cf","2022-03-28","2022-03-28"
"Default","Corporacion Peruana de Productos Quimicos S.A. (default)","SOLVENTE","Started","3fc19695-9bdf-4e13-b59f-e9ce55412e25","2026-01-09","2026-05-04"
"Default","Corporacion Peruana de Productos Quimicos S.A. (default)","SOLVENTES","Stopped","c5a9d275-dbe4-4b1d-93a1-f66e20584d8a","2025-05-07","2025-05-07"
"Default","Corporacion Peruana de Productos Quimicos S.A. (default)","SaveAttachments2","Started","c78347bc-e7c2-49b9-bf36-73f90bdd62a2","2025-10-12","2025-10-20"
"Default","Corporacion Peruana de Productos Quimicos S.A. (default)","Segudo_Ejemplo","Stopped","da2df52d-24d1-48e2-b7d8-9de7bd973f93","2024-07-26","2024-07-26"
"Default","Corporacion Peruana de Productos Quimicos S.A. (default)","Seguimiento de acciones correctivas de excel a planner","Started","3a68d49c-e524-44f0-9f04-a44c34254a68","2021-11-19","2021-11-19"
"Default","Corporacion Peruana de Productos Quimicos S.A. (default)","Send C&C Report Email","Suspended","87486adb-d294-407c-afaf-b53843da65e1","2026-02-11","2026-02-11"
"Default","Corporacion Peruana de Productos Quimicos S.A. (default)","Send a digest email of all outstanding Planner tasks","Started","276f5bbf-f812-4bfc-a06c-b8f97e7f70bd","2024-02-06","2024-02-06"
"Default","Corporacion Peruana de Productos Quimicos S.A. (default)","Send an email to responder when response submitted in Microsoft Forms","Started","cf6d07e5-cb88-4837-8514-c6db73931f28","2022-07-20","2022-07-20"
"Default","Corporacion Peruana de Productos Quimicos S.A. (default)","Send an email to responder when response submitted in Microsoft Forms","Started","69a3694b-c464-4df8-9723-f330f6c89291","2023-11-27","2023-11-27"
"Default","Corporacion Peruana de Productos Quimicos S.A. (default)","Send an email to responder when response submitted in Microsoft Forms: 2","Stopped","72fa8a1c-04a3-4e72-bfe8-513736ca32bc","2023-07-12","2023-07-12"
"Default","Corporacion Peruana de Productos Quimicos S.A. (default)","Send an email to responder when response submitted in Microsoft Forms: 2","Started","cf6d07e5-cb88-4837-8514-c6db73931f28","2022-07-20","2022-07-20"
"Default","Corporacion Peruana de Productos Quimicos S.A. (default)","Send an email to responder when response submitted in Microsoft Forms: 3","Started","cf6d07e5-cb88-4837-8514-c6db73931f28","2022-07-20","2022-07-21"
"Default","Corporacion Peruana de Productos Quimicos S.A. (default)","Send an email when an item is created in SQL Server","Stopped","5e64cffd-d26f-4b3a-8070-271dd8b867ea","2022-12-02","2022-12-02"
"Default","Corporacion Peruana de Productos Quimicos S.A. (default)","Send myself a reminder in 10 minutes","Started","c61fafaa-47d1-4d44-bc23-60dd121d14e3","2020-08-14","2020-08-14"
"Default","Corporacion Peruana de Productos Quimicos S.A. (default)","Sin calificar MEMPHIS proveedor","Started","b39580c6-a0f2-4691-b00f-d599dcc1ec97","2024-07-02","2026-03-03"
"Default","Corporacion Peruana de Productos Quimicos S.A. (default)","Sincronizador - Pedidos Bloqueados PowerBI a SharePoint","Stopped","4e4fc93e-3450-466c-b283-0b3f53afd4a7","2026-07-26","2026-07-26"
"Default","Corporacion Peruana de Productos Quimicos S.A. (default)","Solicitar al jefe que apruebe un archivo seleccionado","Started","4a1e2414-abd7-44ab-9a9a-eedbb3233bbf","2019-10-12","2019-10-12"
"Default","Corporacion Peruana de Productos Quimicos S.A. (default)","Solvente","Stopped","276f5bbf-f812-4bfc-a06c-b8f97e7f70bd","2024-02-01","2025-01-21"
"Default","Corporacion Peruana de Productos Quimicos S.A. (default)","Split Propuesta RS","Started","c78347bc-e7c2-49b9-bf36-73f90bdd62a2","2025-09-16","2025-09-16"
"Default","Corporacion Peruana de Productos Quimicos S.A. (default)","T000","Stopped","4c19df3f-b5d7-44f6-bcf1-6d90229b41ae","2023-10-25","2025-08-11"
"Default","Corporacion Peruana de Productos Quimicos S.A. (default)","Test","Started","870bb150-dd85-44b9-9d91-7d23c8e34fc0","2026-03-26","2026-03-26"
"Default","Corporacion Peruana de Productos Quimicos S.A. (default)","Test_Aprobación","Started","c78347bc-e7c2-49b9-bf36-73f90bdd62a2","2025-08-28","2025-08-28"
"Default","Corporacion Peruana de Productos Quimicos S.A. (default)","Test_Aprobación_SinAdjunto","Started","c78347bc-e7c2-49b9-bf36-73f90bdd62a2","2025-08-28","2025-09-01"
"Default","Corporacion Peruana de Productos Quimicos S.A. (default)","Todos los días, descargar un reporte de power BI","Stopped","e6801040-9b5c-440f-a20e-8873de982679","2025-06-24","2025-06-24"
"Default","Corporacion Peruana de Productos Quimicos S.A. (default)","Todos los días, descargar un reporte de power BI","Stopped","e6801040-9b5c-440f-a20e-8873de982679","2025-06-24","2025-06-24"
"Default","Corporacion Peruana de Productos Quimicos S.A. (default)","Transferencia","Stopped","c5a9d275-dbe4-4b1d-93a1-f66e20584d8a","2025-04-03","2025-04-03"
"Default","Corporacion Peruana de Productos Quimicos S.A. (default)","Trazabilidad contable_B1_B2_Erika","Started","4e4fc93e-3450-466c-b283-0b3f53afd4a7","2026-05-13","2026-07-16"
"Default","Corporacion Peruana de Productos Quimicos S.A. (default)","Untitled roadmap - Untitled row - df08483e-8d5f-ec11-8f8f-000d3a32c4a1","Stopped","0666eca5-f46b-4151-8eea-05b34de32dca","2021-12-17","2021-12-17"
"Default","Corporacion Peruana de Productos Quimicos S.A. (default)","Update trazabilidad","Started","e30bfe21-47a8-4828-865f-ee443b578d2e","2025-09-05","2025-09-05"
"Default","Corporacion Peruana de Productos Quimicos S.A. (default)","Usar modelo de procesamiento de formularios para extraer datos de archivos adjuntos de correo electrónico","Started","d041986d-b13a-4937-9fa1-9050bb7bb0d7","2025-02-05","2025-02-05"
"Default","Corporacion Peruana de Productos Quimicos S.A. (default)","ValidaEmpleados","Started","c78347bc-e7c2-49b9-bf36-73f90bdd62a2","2025-08-09","2026-07-10"
"Default","Corporacion Peruana de Productos Quimicos S.A. (default)","Valores Cero","Started","870bb150-dd85-44b9-9d91-7d23c8e34fc0","2026-06-07","2026-06-07"
"Default","Corporacion Peruana de Productos Quimicos S.A. (default)","Variables Ex","Started","f83bec47-52fa-4631-9503-03b232c3a819","2026-06-07","2026-06-07"
"Default","Corporacion Peruana de Productos Quimicos S.A. (default)","Vehiculos (Forms a PDF)","Stopped","9ec26276-c70a-4a37-ac45-5cb100c322cf","2021-11-24","2021-11-24"
"Default","Corporacion Peruana de Productos Quimicos S.A. (default)","When a new response is submitted -> Get response details,Add rows t...","Stopped","00ffb67f-0283-4469-bb8b-08c4886b83fe","2023-10-05","2023-10-11"
"Default","Corporacion Peruana de Productos Quimicos S.A. (default)","When an item is created -> Condición,Inicializar variable","Stopped","1d46d551-d605-4835-8b11-75ef92602eb6","2024-06-06","2024-06-06"
"Default","Corporacion Peruana de Productos Quimicos S.A. (default)","XPENDIT_Api_Download","Started","870bb150-dd85-44b9-9d91-7d23c8e34fc0","2026-07-20","2026-08-03"
"Default","Corporacion Peruana de Productos Quimicos S.A. (default)","XP_Expense_Download","Started","db8ef868-dfa4-410c-ab43-ba244e62bd8d","2026-07-20","2026-07-20"
"Default","Corporacion Peruana de Productos Quimicos S.A. (default)","asdasda","Suspended","840149d5-b1b8-41b9-b6b8-f15fae799997","2026-07-20","2026-07-20"
"Default","Corporacion Peruana de Productos Quimicos S.A. (default)","b2b","Started","25842986-c9dd-4844-8675-084440cbb235","2020-09-25","2020-09-25"
"Default","Corporacion Peruana de Productos Quimicos S.A. (default)","crear PDF","Started","6b147835-03d5-4386-bb27-2b58653bbb0c","2021-04-22","2021-04-28"
"Default","Corporacion Peruana de Productos Quimicos S.A. (default)","despacho color centro","Started","b39580c6-a0f2-4691-b00f-d599dcc1ec97","2025-03-25","2026-04-24"
"Default","Corporacion Peruana de Productos Quimicos S.A. (default)","documentos de salida color centro","Stopped","b39580c6-a0f2-4691-b00f-d599dcc1ec97","2023-11-22","2025-08-29"
"Default","Corporacion Peruana de Productos Quimicos S.A. (default)","encuesta de satisfacción color centro","Started","b39580c6-a0f2-4691-b00f-d599dcc1ec97","2025-04-04","2026-04-24"
"Default","Corporacion Peruana de Productos Quimicos S.A. (default)","fluRegistrarPersona","Started","b13a7d6c-67f9-428d-8950-c55318101137","2026-07-21","2026-07-21"
"Default","Corporacion Peruana de Productos Quimicos S.A. (default)","formulario color centro","Started","b39580c6-a0f2-4691-b00f-d599dcc1ec97","2025-03-11","2026-04-24"
"Default","Corporacion Peruana de Productos Quimicos S.A. (default)","paword","Started","2a35744b-dda7-4233-ba67-e1e7b5b23a1e","2021-04-17","2021-04-17"
"Default","Corporacion Peruana de Productos Quimicos S.A. (default)","prueba 3","Stopped","3a68d49c-e524-44f0-9f04-a44c34254a68","2021-11-19","2021-11-19"
"Default","Corporacion Peruana de Productos Quimicos S.A. (default)","text-to-sql-bot","Stopped","f9d50585-71a1-4fce-9cf0-72bbf25bf5e0","2026-02-01","2026-02-25"
"Default","Corporacion Peruana de Productos Quimicos S.A. (default)","trad-rag-bot","Stopped","f9d50585-71a1-4fce-9cf0-72bbf25bf5e0","2026-02-08","2026-02-25"
"Production","Nivel de Servicio","CRONO MODERNO TMH","Stopped","8259e2b5-b68a-4e75-82c8-988be850b0f8","2026-05-14","2026-05-26"
"Production","Nivel de Servicio","Copia de: Correos Morosidad B2B","Stopped","8259e2b5-b68a-4e75-82c8-988be850b0f8","2026-04-08","2026-04-08"
"Production","Nivel de Servicio","Copia de: Correos Morosidad Tradicional","Stopped","8259e2b5-b68a-4e75-82c8-988be850b0f8","2026-04-08","2026-04-08"
"Production","Nivel de Servicio","Copy of - Correos Morosidad Construcción","Stopped","87486adb-d294-407c-afaf-b53843da65e1","2026-05-16","2026-05-16"
"Production","Nivel de Servicio","Correo - Cobranzas","Stopped","87486adb-d294-407c-afaf-b53843da65e1","2026-03-20","2026-07-21"
"Production","Nivel de Servicio","Correo de Rutina de Compensaciones","Started","8259e2b5-b68a-4e75-82c8-988be850b0f8","2026-04-08","2026-06-05"
"Production","Nivel de Servicio","Correos Estatus de Deuda","Started","87486adb-d294-407c-afaf-b53843da65e1","2026-02-17","2026-05-29"
"Production","Nivel de Servicio","Correos V2","Stopped","87486adb-d294-407c-afaf-b53843da65e1","2026-02-19","2026-02-19"
"Production","Nivel de Servicio","Morosidad - Tradicional","Started","8259e2b5-b68a-4e75-82c8-988be850b0f8","2026-04-13","2026-06-16"
"Production","Nivel de Servicio","Pruebas","Stopped","87486adb-d294-407c-afaf-b53843da65e1","2026-02-13","2026-02-25"
"Production","Nivel de Servicio","Reporte de Morosidad","Stopped","c54320d5-6287-4213-aac4-afd39ff87da3","2026-02-12","2026-02-13"
"Production","P001-CAPEX_Registro","F1. Envio de correo","Started","d041986d-b13a-4937-9fa1-9050bb7bb0d7","2025-06-04","2025-10-23"
"Production","PE_RRHH_BIENESTAR_PRD_US","Buscar flujo de artículo de conocimientos de Dynamics 365","Stopped","e88d87d3-4094-4490-b36b-fc66af4b48a5","2026-07-16","2026-07-16"
"Production","PE_RRHH_BIENESTAR_PRD_US","Flujo del desencadenador de la API de búsqueda integrada","Stopped","e88d87d3-4094-4490-b36b-fc66af4b48a5","2026-07-16","2026-07-16"
"Production","PE_RRHH_BIENESTAR_PRD_US","SLAInstanceMonitoringWarningAndExpiryFlow","Stopped","e88d87d3-4094-4490-b36b-fc66af4b48a5","2026-07-16","2026-07-16"
"Sandbox","P01-ProyectoCapex","F1. Envio de correo","Started","870bb150-dd85-44b9-9d91-7d23c8e34fc0","2025-06-04","2025-10-24"
"Sandbox","P01-ProyectoCapex","F1. Envio de correo","Started","c37cf39f-aa0d-4ce3-8442-838ecb6339b1","2025-06-04","2025-10-24"
"Sandbox","P01-ProyectoCapex","Programar una respuesta","Started","c37cf39f-aa0d-4ce3-8442-838ecb6339b1","2025-10-24","2025-10-24"
"Sandbox","P02-Revisión Salarial","Revisión Salarial","Started","870bb150-dd85-44b9-9d91-7d23c8e34fc0","2025-10-07","2025-12-15"
"Sandbox","TI-Producción","Buscar flujo de artículo de conocimientos de Dynamics 365","Stopped","179099ff-7add-4503-b468-ab73e03347ad","2025-10-07","2025-10-07"
"Sandbox","TI-Producción","CxP_1Adjuntos","Started","c78347bc-e7c2-49b9-bf36-73f90bdd62a2","2025-11-20","2026-03-16"
"Sandbox","TI-Producción","CxP_2Adjuntos","Started","c78347bc-e7c2-49b9-bf36-73f90bdd62a2","2025-11-26","2026-04-01"
"Sandbox","TI-Producción","CxP_3Adjuntos","Started","c78347bc-e7c2-49b9-bf36-73f90bdd62a2","2025-11-26","2026-02-26"
"Sandbox","TI-Producción","CxP_4Adjuntos","Started","c78347bc-e7c2-49b9-bf36-73f90bdd62a2","2025-11-26","2025-11-26"
"Sandbox","TI-Producción","CxP_6Adjuntos","Started","c78347bc-e7c2-49b9-bf36-73f90bdd62a2","2026-04-01","2026-04-01"
"Sandbox","TI-Producción","Descargar_Planilla_Movilidad","Started","870bb150-dd85-44b9-9d91-7d23c8e34fc0","2026-04-15","2026-04-17"
"Sandbox","TI-Producción","Enviar Codigo Seguridad","Started","870bb150-dd85-44b9-9d91-7d23c8e34fc0","2026-07-24","2026-07-30"
"Sandbox","TI-Producción","Flujo del desencadenador de la API de búsqueda integrada","Stopped","179099ff-7add-4503-b468-ab73e03347ad","2025-10-07","2025-10-07"
"Sandbox","TI-Producción","Generar_Correlativo_Planilla","Started","870bb150-dd85-44b9-9d91-7d23c8e34fc0","2026-04-15","2026-04-17"
"Sandbox","TI-Producción","Notificacion de Tareas en Dias por Teams y Outlook","Started","870bb150-dd85-44b9-9d91-7d23c8e34fc0","2026-06-26","2026-06-26"
"Sandbox","TI-Producción","P02-Alerta de 10-15 Dias Habiles","Started","870bb150-dd85-44b9-9d91-7d23c8e34fc0","2026-04-01","2026-05-19"
"Sandbox","TI-Producción","P02-Alerta de 20 Horas Hábiles","Started","870bb150-dd85-44b9-9d91-7d23c8e34fc0","2026-03-25","2026-05-19"
"Sandbox","TI-Producción","P03-EvaluaciónCVs","Started","870bb150-dd85-44b9-9d91-7d23c8e34fc0","2025-11-18","2026-01-04"
"Sandbox","TI-Producción","PA_Obtener_Datos_Personales_Laborales","Started","870bb150-dd85-44b9-9d91-7d23c8e34fc0","2026-07-21","2026-07-24"
"Sandbox","TI-Producción","PA_QROMA_Borrador_Datos_Personales_Laborales","Started","870bb150-dd85-44b9-9d91-7d23c8e34fc0","2026-07-21","2026-07-30"
"Sandbox","TI-Producción","Registro Libro Reclamaciones","Started","870bb150-dd85-44b9-9d91-7d23c8e34fc0","2026-05-19","2026-05-20"
"Sandbox","TI-Producción","SLAInstanceMonitoringWarningAndExpiryFlow","Stopped","179099ff-7add-4503-b468-ab73e03347ad","2025-10-07","2025-10-28"
